species,yolo_confidence,recent_detections,historical_conflicts,settlement_proximity,temporal_pattern,environmental_context,spatial_relationship,risk_score
Wild Boar,63.26,1,0,2,1,2,1,43.06
Spotted Deer,68.23,19,0,1,0,2,2,48.9
Leopard,89.35,4,6,1,0,2,1,60.33
Spotted Deer,62.0,16,3,1,1,0,0,37.54
Spotted Deer,79.21,12,3,1,2,0,0,44.0
Tiger,77.24,13,2,1,0,0,2,52.0
Leopard,73.04,17,1,2,1,2,1,70.2
Leopard,75.39,8,5,1,2,1,1,60.41
Leopard,80.67,13,2,1,1,0,0,43.99
Spotted Deer,66.29,20,5,1,0,2,0,59.07
Wild Boar,82.31,5,5,1,1,2,2,64.15
Leopard,91.41,18,5,0,1,2,0,60.23
Spotted Deer,89.65,15,2,0,1,2,0,42.5
Tiger,66.0,12,0,0,0,2,1,34.89
Wild Boar,65.82,17,3,0,2,2,1,59.75
Tiger,70.46,15,0,2,2,0,1,55.51
Wild Boar,74.08,2,1,0,2,1,0,30.05
Spotted Deer,75.93,6,2,2,2,0,2,51.4
Asian Elephant,86.51,17,1,0,0,0,2,42.24
Wild Boar,62.21,16,3,2,1,2,0,63.62
Tiger,61.35,17,3,0,2,0,2,59.69
Spotted Deer,75.28,20,4,1,2,1,0,62.54
Wild Boar,87.19,9,1,0,0,1,2,37.3
Asian Elephant,67.54,5,0,0,1,2,0,30.76
Asian Elephant,85.02,1,6,0,1,1,1,46.43
Leopard,70.13,6,1,1,2,2,2,60.03
Leopard,94.56,14,2,2,2,1,1,67.23
Tiger,94.93,17,3,2,1,1,1,74.93
Wild Boar,71.59,19,3,1,0,0,2,56.45
Wild Boar,68.97,1,1,0,1,1,0,23.28
Leopard,76.04,1,1,0,1,2,1,34.92
Wild Boar,69.38,13,5,0,2,1,1,57.14
Wild Boar,86.22,14,1,2,0,1,0,47.57
Asian Elephant,92.22,6,5,2,0,0,0,47.99
Leopard,86.25,6,2,1,0,2,2,52.48
Spotted Deer,92.15,1,2,1,2,2,2,55.26
Leopard,75.48,14,0,2,0,2,0,49.53
Spotted Deer,66.1,3,1,0,0,0,1,15.05
Asian Elephant,88.78,10,0,0,2,1,0,36.64
Tiger,74.06,19,6,0,1,2,2,78.17
Wild Boar,86.18,19,4,0,0,1,1,51.13
Asian Elephant,70.56,19,2,1,1,1,1,61.22
Wild Boar,63.17,4,3,1,0,1,2,46.19
Tiger,98.71,20,5,2,1,0,1,81.35
Tiger,66.09,19,4,1,1,1,0,59.73
Asian Elephant,98.55,10,3,0,2,0,2,56.39
Tiger,98.11,2,4,2,2,0,1,63.51
Spotted Deer,90.96,4,0,1,0,0,2,27.64
Tiger,85.72,6,0,1,0,2,1,46.18
Wild Boar,82.53,7,5,1,2,0,0,51.88
Wild Boar,93.78,16,2,1,0,2,2,64.24
Wild Boar,71.29,7,6,1,0,0,1,45.41
Wild Boar,78.24,18,5,0,2,0,0,52.58
Spotted Deer,84.16,20,6,0,1,0,0,51.28
Leopard,76.04,19,3,0,0,0,0,42.4
Asian Elephant,76.67,9,4,1,2,1,1,62.88
Wild Boar,72.88,20,5,2,0,1,1,68.42
Tiger,82.01,10,6,0,0,0,0,48.37
Wild Boar,93.17,13,1,0,2,1,0,42.0
Tiger,67.86,18,1,1,2,2,0,60.01
Tiger,96.44,16,2,2,0,1,0,57.79
Wild Boar,86.87,17,6,0,0,1,0,49.78
Spotted Deer,92.11,13,5,0,1,1,1,47.29
Tiger,81.69,12,3,2,1,0,2,66.55
Tiger,90.4,10,1,1,2,2,2,63.62
Wild Boar,60.63,1,2,2,0,0,2,40.38
Tiger,91.92,8,5,1,2,2,1,75.23
Tiger,61.57,18,2,0,2,0,2,57.62
Wild Boar,94.71,2,3,2,0,1,2,53.54
Wild Boar,98.69,16,1,2,1,2,2,68.21
Asian Elephant,71.47,12,1,0,2,1,2,53.5
Spotted Deer,68.2,9,1,0,2,2,0,40.28
Spotted Deer,89.85,3,6,1,0,2,1,55.14
Tiger,69.87,4,0,0,1,0,2,29.6
Spotted Deer,93.76,2,6,0,1,0,0,34.17
Tiger,64.01,8,1,2,0,1,2,53.28
Asian Elephant,64.91,10,4,1,2,1,2,65.67
Wild Boar,98.19,16,0,0,0,2,2,47.95
Wild Boar,86.28,11,5,2,0,2,2,77.37
Wild Boar,93.03,18,6,0,1,0,2,64.45
Spotted Deer,72.65,14,0,0,2,0,0,27.73
Asian Elephant,86.38,8,0,0,2,0,2,41.98
Spotted Deer,83.18,15,6,0,1,0,0,43.34
Spotted Deer,83.52,17,6,1,2,0,2,69.08
Asian Elephant,86.62,18,0,2,2,2,1,73.39
Asian Elephant,82.44,6,2,2,0,2,0,50.92
Asian Elephant,76.73,14,4,0,0,1,2,58.68
Asian Elephant,70.76,3,3,2,0,2,0,49.91
Wild Boar,89.97,7,1,0,2,0,2,38.68
Leopard,68.82,15,6,2,2,2,2,86.96
Leopard,87.0,16,0,1,2,2,0,57.97
Asian Elephant,69.1,16,3,1,2,2,2,72.58
Leopard,84.39,8,6,2,1,1,2,72.86
Leopard,89.14,7,2,0,1,1,2,45.37
Asian Elephant,68.53,6,3,0,2,2,2,59.09
Leopard,62.34,2,0,0,0,2,2,30.56
Spotted Deer,65.11,13,5,0,0,0,2,41.64
Tiger,83.63,12,4,1,1,1,0,60.29
Tiger,93.13,15,3,0,1,0,1,53.33
Asian Elephant,61.75,9,6,0,2,0,2,62.56
Wild Boar,88.63,2,0,0,2,2,0,35.37
Asian Elephant,73.31,17,6,0,2,2,1,75.82
Wild Boar,78.66,5,0,1,2,2,0,40.39
Tiger,96.23,11,1,2,2,0,1,62.3
Asian Elephant,72.95,19,5,2,0,0,1,69.76
Spotted Deer,78.15,7,1,0,0,0,1,24.37
Leopard,60.53,2,5,0,2,2,0,48.08
Wild Boar,63.18,16,4,2,0,2,1,65.76
Leopard,70.09,12,1,1,2,2,2,61.36
Leopard,61.09,15,4,1,2,0,2,66.93
Asian Elephant,84.62,1,6,1,1,0,1,50.32
Leopard,76.63,13,2,1,0,1,1,48.51
Spotted Deer,81.38,6,2,1,0,2,2,44.15
Leopard,66.81,13,5,1,1,0,0,51.72
Asian Elephant,71.54,18,5,1,0,1,0,59.52
Spotted Deer,85.89,3,1,1,1,0,2,35.69
Tiger,97.65,1,2,1,0,0,0,33.47
Leopard,61.97,15,3,0,2,2,0,51.5
Asian Elephant,94.72,13,3,1,1,1,1,59.72
Tiger,82.5,5,6,0,2,0,0,48.94
Tiger,81.99,13,3,2,2,1,2,75.85
Wild Boar,79.51,5,6,0,0,1,0,38.0
Spotted Deer,62.71,19,2,2,1,2,1,62.23
Leopard,63.51,18,3,0,2,1,2,63.15
Asian Elephant,83.44,10,4,2,2,2,2,82.14
Wild Boar,73.3,8,0,0,1,2,2,43.46
Spotted Deer,95.77,15,5,0,0,2,1,54.91
Wild Boar,75.86,20,1,2,2,1,2,72.68
Spotted Deer,65.59,4,6,1,0,0,1,40.37
Spotted Deer,87.87,2,4,1,1,2,1,50.76
Leopard,71.44,6,3,1,0,0,0,29.75
Spotted Deer,80.49,3,0,1,1,1,2,36.01
Wild Boar,87.22,7,1,1,0,0,0,28.96
Spotted Deer,95.11,10,4,0,0,0,0,34.41
Leopard,90.9,6,1,1,2,2,1,52.57
Leopard,86.38,16,6,0,0,2,0,56.09
Wild Boar,86.51,2,6,2,2,2,0,62.86
Tiger,96.89,17,5,1,1,1,0,65.11
Tiger,71.54,13,2,1,1,0,2,55.34
Spotted Deer,60.04,1,6,1,2,1,0,45.06
Asian Elephant,70.61,6,3,1,0,1,1,43.37
Spotted Deer,68.5,5,4,0,1,1,2,42.47
Wild Boar,85.81,13,4,0,1,1,1,52.81
Wild Boar,84.71,18,0,0,1,2,2,53.19
Wild Boar,83.14,12,0,2,2,0,2,57.02
Wild Boar,60.63,7,0,0,1,2,2,39.89
Wild Boar,88.42,15,1,1,1,2,1,52.81
Leopard,72.62,3,3,2,1,1,0,48.88
Tiger,85.94,16,1,2,1,2,2,74.51
Wild Boar,81.71,1,3,1,2,0,1,43.27
Asian Elephant,73.37,16,4,1,2,1,2,72.38
Asian Elephant,65.25,12,6,1,0,2,0,59.76
Asian Elephant,63.68,19,6,1,1,1,2,77.78
Asian Elephant,92.43,8,1,0,2,0,1,43.71
Leopard,95.82,12,1,2,0,1,2,55.54
Asian Elephant,85.34,15,1,1,0,2,1,55.23
Wild Boar,64.03,2,2,0,1,2,0,33.62
Spotted Deer,75.68,17,5,1,0,0,0,43.64
Asian Elephant,88.43,7,3,0,2,0,2,50.29
Leopard,90.41,13,6,1,0,1,0,58.95
Leopard,64.61,1,3,1,0,2,1,47.11
Asian Elephant,60.0,6,1,1,2,0,2,51.18
Spotted Deer,87.77,13,2,0,0,0,1,28.69
Asian Elephant,73.91,11,1,1,0,2,2,53.01
Leopard,69.92,10,3,0,0,0,1,35.67
Tiger,60.5,16,5,0,0,0,2,55.84
Wild Boar,81.07,20,6,2,1,2,1,85.1
Leopard,93.19,17,5,0,1,0,1,55.03
Asian Elephant,97.35,17,4,0,2,2,2,73.14
Wild Boar,82.06,4,2,0,0,2,1,32.41
Asian Elephant,80.06,5,5,0,2,1,0,45.2
Asian Elephant,63.32,14,2,0,1,2,1,47.96
Tiger,81.41,20,1,2,0,0,2,65.4
Wild Boar,74.82,10,4,1,0,1,0,46.15
Wild Boar,83.68,14,3,2,1,1,0,60.14
Tiger,75.16,1,5,2,0,0,1,51.16
Leopard,69.37,11,5,1,0,1,1,55.29
Asian Elephant,63.7,18,0,0,1,0,1,37.94
Spotted Deer,72.28,16,6,1,2,1,0,59.9
Asian Elephant,63.77,18,3,0,2,0,0,49.78
Asian Elephant,66.9,8,5,1,0,2,0,54.76
Leopard,98.51,10,5,2,1,2,2,78.3
Asian Elephant,77.32,10,3,0,2,1,2,54.92
Tiger,80.74,5,4,2,2,1,1,68.7
Tiger,94.07,10,2,0,0,2,2,53.72
Wild Boar,98.83,18,3,1,2,0,2,68.94
Spotted Deer,82.73,6,2,1,1,1,1,43.91
Asian Elephant,91.69,3,4,1,2,2,1,60.78
Asian Elephant,72.75,8,4,1,1,1,0,50.3
Leopard,71.92,9,1,1,1,2,0,43.36
Tiger,75.71,5,0,2,0,2,1,47.16
Spotted Deer,86.23,2,4,2,2,2,1,60.84
Wild Boar,86.61,2,4,0,0,0,2,38.63
Tiger,72.29,7,2,2,2,1,2,69.45
Wild Boar,65.2,17,4,0,0,0,2,47.85
Leopard,84.66,10,3,0,0,0,1,32.85
Leopard,65.0,12,1,2,0,2,1,55.76
Asian Elephant,82.56,2,1,2,2,0,0,43.97
Spotted Deer,87.04,10,3,0,0,1,2,39.6
Wild Boar,87.32,20,5,2,1,1,0,73.83
Tiger,89.39,1,4,2,2,2,1,68.2
Leopard,94.04,4,6,2,1,2,2,79.02
Asian Elephant,79.5,13,0,1,0,1,0,38.48
Asian Elephant,88.48,12,4,1,0,1,1,53.56
Wild Boar,84.15,11,1,0,1,2,0,38.71
Leopard,67.28,10,0,2,0,0,2,45.22
Spotted Deer,61.0,15,6,0,2,1,0,53.73
Leopard,71.1,5,5,2,1,2,0,64.16
Wild Boar,77.28,17,2,1,2,2,1,67.7
Wild Boar,84.07,5,2,2,2,1,2,61.27
Leopard,93.15,2,6,2,2,2,0,71.37
Wild Boar,67.65,9,4,2,0,1,1,58.53
Leopard,64.9,6,4,1,0,2,2,54.42
Tiger,97.58,18,0,1,1,2,1,61.1
Leopard,64.21,14,0,1,1,0,2,42.73
Leopard,78.66,19,5,0,2,2,1,70.8
Wild Boar,82.84,14,4,2,0,1,1,62.67
Wild Boar,81.11,8,1,1,0,1,1,34.31
Asian Elephant,63.36,17,2,0,0,0,0,34.97
Asian Elephant,62.22,3,5,1,1,1,0,46.51
Tiger,64.11,10,0,2,0,2,1,52.4
Asian Elephant,82.84,17,1,0,2,0,2,50.92
Leopard,81.23,11,4,1,2,1,1,63.35
Wild Boar,69.12,8,3,1,2,2,0,57.03
Asian Elephant,84.87,1,0,0,0,0,2,23.39
Asian Elephant,91.98,13,5,0,2,2,0,59.34
Tiger,61.62,4,3,0,2,1,1,48.64
Tiger,79.43,7,1,0,1,1,0,35.91
Leopard,86.88,14,6,0,1,1,0,56.63
Wild Boar,69.84,5,2,1,0,1,0,33.56
Tiger,72.0,11,6,0,0,0,1,49.7
Asian Elephant,83.93,17,6,0,0,1,0,58.35
Wild Boar,95.02,5,6,2,0,0,1,57.99
Wild Boar,91.59,20,1,1,0,0,1,45.97
Asian Elephant,82.74,3,2,2,1,2,0,55.57
Tiger,88.48,5,1,1,1,1,2,55.12
Asian Elephant,74.23,15,6,1,1,2,0,71.14
Wild Boar,85.0,19,0,1,2,2,0,57.52
Spotted Deer,78.18,16,6,0,2,2,0,59.62
Spotted Deer,67.41,8,0,2,1,2,2,53.32
Leopard,87.37,13,5,1,1,2,2,75.45
Asian Elephant,81.7,16,6,1,0,1,1,66.23
Asian Elephant,73.99,3,3,1,1,2,2,58.69
Leopard,95.54,1,1,2,0,0,2,43.06
Leopard,60.82,9,6,1,1,0,0,51.7
Leopard,72.32,9,1,2,0,1,1,49.98
Wild Boar,62.22,17,6,2,1,0,1,66.62
Asian Elephant,89.89,2,3,0,0,2,2,43.78
Wild Boar,87.38,9,6,1,2,0,2,65.19
Leopard,72.92,19,4,1,2,2,0,74.37
Asian Elephant,86.35,13,5,2,0,1,2,74.31
Wild Boar,75.44,5,1,2,0,0,2,43.77
Wild Boar,89.49,9,5,0,2,0,1,53.71
Leopard,77.71,13,1,1,1,0,2,48.01
Asian Elephant,76.08,1,1,2,0,1,0,32.32
Leopard,96.45,15,4,1,1,1,1,64.38
Asian Elephant,69.78,4,6,1,2,0,1,59.55
Spotted Deer,64.7,4,0,1,2,1,2,39.71
Tiger,82.8,20,5,2,0,2,0,73.85
Tiger,97.8,10,3,1,1,1,1,57.54
Tiger,74.74,6,5,2,2,0,0,59.2
Leopard,62.42,12,6,0,1,2,0,55.09
Spotted Deer,73.23,20,4,0,2,0,2,55.71
Asian Elephant,79.73,16,2,2,0,0,0,50.49
Wild Boar,66.31,3,2,1,1,0,1,33.88
Asian Elephant,85.67,14,4,0,1,1,2,61.89
Wild Boar,98.91,1,6,0,0,0,1,36.04
Asian Elephant,77.62,10,4,2,0,2,0,61.1
Spotted Deer,73.83,15,0,2,0,2,0,44.7
Wild Boar,75.63,7,5,2,0,2,2,68.46
Leopard,64.49,4,6,2,2,0,2,69.65
Asian Elephant,94.45,14,5,2,1,2,1,81.37
Asian Elephant,76.18,16,2,2,2,2,1,76.4
Wild Boar,75.1,14,6,2,0,2,0,69.02
Leopard,85.73,3,3,1,2,2,2,63.39
Leopard,77.24,17,5,1,2,1,0,66.04
Spotted Deer,85.28,14,1,1,1,0,0,37.78
Leopard,62.4,18,1,1,1,0,1,46.75
Leopard,91.74,3,0,0,1,2,1,35.48
Leopard,96.68,19,6,1,0,0,1,63.48
Tiger,85.3,3,0,0,0,2,2,36.48
Spotted Deer,97.23,12,6,0,1,2,1,59.14
Asian Elephant,65.91,5,2,0,2,2,2,51.96
Wild Boar,78.62,10,3,2,1,0,0,47.76
Asian Elephant,83.47,9,3,0,0,1,2,47.05
Spotted Deer,82.69,1,4,0,2,0,1,35.56
Wild Boar,75.66,13,0,0,0,0,2,30.92
Spotted Deer,73.19,3,6,2,1,1,2,67.27
Leopard,64.95,19,5,1,1,0,1,63.47
Wild Boar,75.28,11,1,1,2,1,1,51.03
Leopard,66.34,16,5,0,1,2,0,56.13
Asian Elephant,88.64,6,1,0,0,1,2,38.28
Asian Elephant,68.14,3,2,1,0,2,0,38.69
Wild Boar,62.28,19,1,1,0,1,0,42.12
Wild Boar,81.54,6,5,1,2,2,2,72.77
Spotted Deer,83.21,8,5,1,0,0,0,34.74
Spotted Deer,94.0,13,3,0,1,1,2,49.6
Leopard,82.5,12,6,0,2,0,0,55.31
Wild Boar,73.47,10,3,0,0,2,0,36.93
Asian Elephant,91.32,3,0,1,0,1,2,36.42
Spotted Deer,81.07,4,5,2,1,1,1,55.33
Spotted Deer,63.09,1,6,1,1,1,2,53.98
Asian Elephant,82.07,13,2,1,2,0,1,53.25
Spotted Deer,95.41,4,1,2,0,2,2,49.16
Leopard,75.46,11,0,2,0,0,2,47.82
Wild Boar,71.56,19,4,1,1,1,1,62.16
Asian Elephant,65.6,11,4,2,2,2,1,74.17
Wild Boar,65.91,12,6,2,1,2,2,78.45
Spotted Deer,76.88,11,1,2,1,0,2,48.36
Spotted Deer,83.23,6,1,1,2,0,2,40.49
Asian Elephant,63.14,12,6,1,0,1,1,59.39
Leopard,96.64,9,1,2,0,1,2,58.16
Tiger,89.45,10,3,0,0,1,1,48.94
Asian Elephant,82.88,3,1,2,2,1,0,51.77
Tiger,92.31,3,4,2,2,2,1,72.75
Tiger,63.13,20,1,1,2,1,0,61.55
Leopard,78.6,16,5,0,2,1,2,73.66
Tiger,84.57,3,6,2,2,1,2,78.51
Tiger,92.32,10,2,0,1,0,1,40.83
Leopard,90.56,11,4,1,0,0,0,47.37
Tiger,70.81,8,2,0,2,0,2,45.65
Tiger,96.69,6,4,1,0,1,2,56.76
Tiger,64.85,20,0,2,2,2,0,63.46
Asian Elephant,94.13,11,5,1,0,1,2,66.0
Asian Elephant,97.87,12,4,0,1,0,2,50.56
Asian Elephant,66.91,16,5,0,0,0,1,50.54
Leopard,88.16,18,4,0,0,1,2,62.56
Spotted Deer,61.57,13,2,2,2,2,0,61.32
Tiger,75.81,3,2,0,0,2,2,41.16
Tiger,80.14,15,6,0,1,2,1,65.85
Leopard,82.65,14,4,0,1,0,2,52.95
Tiger,96.5,18,4,1,1,0,0,62.27
Asian Elephant,86.22,14,3,0,2,2,2,69.77
Spotted Deer,78.77,5,5,1,2,1,0,50.9
Wild Boar,91.58,14,5,0,2,2,1,67.77
Tiger,97.07,8,5,1,2,1,2,78.64
Asian Elephant,60.86,15,5,1,2,0,2,68.32
Wild Boar,98.32,15,0,2,1,0,1,50.36
Spotted Deer,63.36,19,0,2,0,0,0,35.05
Wild Boar,91.76,20,1,1,1,2,0,57.77
Asian Elephant,70.93,6,4,1,2,2,2,67.88
Wild Boar,65.16,19,4,2,1,0,0,61.64
Leopard,77.15,8,4,1,0,0,0,39.13
Wild Boar,85.11,6,4,2,2,0,2,65.81
Tiger,74.86,20,5,2,1,2,0,79.8
Tiger,62.13,15,5,0,1,2,0,58.61
Leopard,83.38,3,0,0,0,0,2,24.86
Asian Elephant,95.19,10,2,2,2,2,2,72.78
Tiger,74.95,15,3,2,2,2,0,73.64
Spotted Deer,68.44,16,5,1,0,2,2,65.37
Tiger,77.26,17,5,2,0,2,0,70.9
Tiger,61.89,19,6,2,0,0,0,70.06
Asian Elephant,92.0,11,5,0,0,0,0,41.78
Wild Boar,92.23,16,2,2,2,2,0,67.54
Tiger,82.93,5,2,1,2,0,2,52.79
Leopard,73.77,5,0,2,1,0,2,48.51
Wild Boar,91.19,14,5,0,1,0,1,50.02
Spotted Deer,81.63,18,6,0,1,1,2,64.37
Asian Elephant,92.21,8,3,0,2,0,1,48.9
Spotted Deer,84.63,5,4,0,2,0,0,35.6
Wild Boar,90.59,7,5,2,2,2,2,78.46
Wild Boar,83.34,16,0,1,1,2,0,50.17
Wild Boar,76.15,14,0,1,0,1,1,40.88
Spotted Deer,97.36,5,3,1,0,1,2,41.85
Wild Boar,81.1,9,6,2,0,0,2,66.15
Spotted Deer,83.6,4,1,2,0,0,2,37.13
Wild Boar,68.6,4,0,2,0,2,2,46.75
Leopard,84.4,16,2,1,2,0,0,52.91
Wild Boar,82.29,17,2,2,1,0,2,62.46
Spotted Deer,67.21,15,4,2,0,0,1,53.77
Tiger,62.32,4,0,0,0,0,2,24.09
Wild Boar,83.57,6,6,0,0,0,1,39.87
Tiger,89.78,16,4,1,2,0,1,70.1
Leopard,80.41,4,0,0,0,0,0,15.67
Asian Elephant,68.84,6,3,0,1,0,2,40.02
Leopard,85.99,5,5,0,2,2,1,59.16
Wild Boar,63.12,16,6,2,2,1,2,84.2
Tiger,77.23,16,0,0,2,0,0,37.04
Tiger,66.37,10,6,0,0,2,0,56.13
Spotted Deer,67.19,9,1,0,0,0,2,29.83
Tiger,67.89,4,6,2,0,0,1,57.25
Spotted Deer,75.08,14,6,1,0,1,0,51.03
Asian Elephant,61.99,4,2,2,1,2,1,55.97
Wild Boar,75.51,12,3,2,2,0,1,62.78
Spotted Deer,79.96,10,5,0,0,1,2,48.13
Asian Elephant,78.85,4,5,1,1,1,0,51.06
Tiger,74.93,18,2,0,2,0,2,61.35
Tiger,92.73,13,6,0,2,0,2,71.46
Asian Elephant,65.67,13,5,1,2,2,2,75.97
Tiger,79.72,14,4,1,0,2,1,66.14
Asian Elephant,62.42,18,3,2,2,0,2,75.61
Spotted Deer,62.78,1,1,1,0,0,0,15.75
Spotted Deer,82.38,16,2,2,1,1,1,59.73
Asian Elephant,82.07,15,0,2,2,2,2,72.22
Spotted Deer,94.24,5,0,0,1,0,0,14.98
Spotted Deer,81.76,6,0,0,0,0,2,25.56
Spotted Deer,97.43,6,3,0,0,2,2,41.12
Leopard,61.9,3,1,1,0,0,2,36.44
Wild Boar,63.82,16,5,1,2,1,1,67.53
Tiger,61.72,12,1,2,2,1,2,70.05
Leopard,67.23,4,1,2,1,0,0,37.31
Spotted Deer,81.11,1,2,2,0,2,2,50.25
Asian Elephant,85.18,4,3,1,1,1,2,55.63
Spotted Deer,61.78,1,0,2,0,2,1,32.89
Wild Boar,96.89,8,2,2,0,2,2,61.66
Spotted Deer,92.84,5,5,1,1,2,0,51.09
Asian Elephant,71.57,2,1,0,0,1,0,23.1
Wild Boar,63.01,12,6,1,1,1,2,67.17
Spotted Deer,66.63,17,0,2,2,0,0,46.42
Wild Boar,64.95,7,3,0,1,2,0,37.58
Tiger,64.81,11,4,1,1,1,2,61.89
Tiger,80.22,4,1,0,0,1,0,27.07
Spotted Deer,69.59,5,1,0,1,0,0,17.93
Wild Boar,73.97,6,1,2,2,1,2,56.02
Asian Elephant,98.59,11,1,1,2,1,1,57.92
Spotted Deer,86.69,1,0,2,2,1,1,43.65
Tiger,97.01,10,3,1,2,0,2,64.56
Tiger,65.56,20,2,1,1,0,1,56.91
Spotted Deer,74.9,11,0,1,2,2,1,45.88
Wild Boar,81.63,17,3,0,1,1,1,49.21
Tiger,62.99,8,2,0,1,0,1,37.84
Wild Boar,60.16,13,1,2,0,0,2,46.7
Tiger,86.15,20,3,1,1,0,1,61.34
Tiger,85.03,18,1,1,1,2,1,64.6
Leopard,76.02,16,6,0,0,2,2,71.13
Tiger,79.1,2,3,1,2,2,2,63.15
Asian Elephant,76.2,5,5,2,2,2,1,77.85
Spotted Deer,60.94,18,4,1,1,2,0,56.8
Spotted Deer,73.08,3,1,1,0,1,2,34.64
Wild Boar,66.91,17,1,0,1,1,2,50.14
Tiger,63.84,16,1,1,1,0,1,51.39
Asian Elephant,97.31,6,5,2,2,2,0,73.13
Wild Boar,83.38,19,0,2,0,2,2,63.54
Leopard,88.42,7,2,2,1,0,2,57.97
Wild Boar,72.3,18,1,2,2,1,2,70.76
Wild Boar,75.33,14,1,0,1,2,0,40.43
Tiger,69.24,6,0,1,2,2,2,59.5
Leopard,63.78,8,0,0,0,2,2,38.4
Wild Boar,66.98,15,4,2,1,1,0,59.73
Asian Elephant,91.1,15,3,1,0,1,2,59.76
Asian Elephant,86.42,15,1,0,2,2,0,55.64
Spotted Deer,81.33,16,3,1,0,2,0,48.25
Leopard,78.53,1,6,2,0,0,0,48.88
Leopard,95.97,11,0,2,0,0,1,45.37
Spotted Deer,62.84,5,0,1,1,1,2,37.3
Wild Boar,70.94,5,4,1,2,0,2,58.06
Leopard,73.65,6,2,2,0,2,2,60.41
Asian Elephant,90.51,2,5,0,1,1,0,44.25
Asian Elephant,98.71,6,5,2,2,0,1,67.24
Tiger,69.39,14,5,1,2,1,0,65.04
Leopard,94.1,11,0,0,2,2,2,59.21
Wild Boar,92.39,4,1,2,0,0,0,33.4
Spotted Deer,68.76,9,4,1,0,0,1,38.74
Spotted Deer,75.57,3,2,1,0,0,2,32.74
Wild Boar,75.98,16,6,1,2,2,0,72.93
Tiger,98.15,11,5,0,2,1,1,67.74
Spotted Deer,67.05,4,4,0,0,0,0,22.32
Leopard,91.17,1,0,0,0,1,0,16.38
Tiger,73.03,16,5,0,2,1,2,70.02
Leopard,88.5,19,2,1,2,1,1,65.84
Asian Elephant,76.38,16,6,1,1,2,0,72.65
Tiger,82.56,11,3,0,1,2,1,52.85
Spotted Deer,92.47,8,6,0,0,0,2,46.15
Tiger,91.36,1,2,1,2,0,2,52.65
Tiger,93.79,9,6,2,2,1,2,87.1
Tiger,62.33,12,1,2,1,1,1,57.47
Tiger,86.99,8,5,1,2,1,1,69.73
Leopard,65.46,17,5,0,0,2,0,51.74
Asian Elephant,76.22,10,3,0,1,2,1,53.97
Wild Boar,81.39,7,6,1,2,0,2,64.12
Tiger,75.71,19,3,2,2,1,0,73.1
Spotted Deer,80.26,6,6,1,0,1,1,49.16
Tiger,98.86,19,5,1,2,2,2,91.45
Spotted Deer,65.27,18,1,1,1,0,2,45.3
Leopard,86.34,15,6,0,1,1,0,59.15
Spotted Deer,75.44,2,3,0,2,1,2,43.72
Wild Boar,65.19,14,0,0,2,0,1,36.06
Asian Elephant,66.19,10,5,2,2,1,2,77.47
Spotted Deer,97.02,16,2,1,2,2,0,56.19
Spotted Deer,94.3,7,2,1,1,0,2,41.24
Asian Elephant,95.37,8,1,2,0,1,2,56.26
Wild Boar,98.67,10,0,0,1,1,1,37.37
Tiger,68.12,15,3,1,2,2,1,69.87
Spotted Deer,73.86,8,6,2,2,2,1,70.28
Asian Elephant,86.1,13,5,0,1,2,1,63.93
Leopard,78.87,12,2,0,1,1,2,49.36
Asian Elephant,76.32,8,2,1,2,1,1,52.76
Leopard,73.95,15,2,0,1,1,2,55.01
Wild Boar,83.16,12,2,2,2,0,1,56.69
Tiger,82.45,11,4,0,1,2,1,60.34
Asian Elephant,66.3,19,1,1,2,0,1,52.64
Spotted Deer,78.4,14,3,2,1,2,2,66.49
Wild Boar,81.59,18,5,0,2,1,1,65.4
Asian Elephant,82.24,13,5,0,0,0,2,51.85
Spotted Deer,68.19,4,5,0,0,0,1,27.38
Asian Elephant,88.95,17,3,2,1,2,1,77.61
Leopard,60.98,19,1,0,0,0,0,32.2
Asian Elephant,73.84,9,0,1,2,0,1,39.02
Asian Elephant,90.43,7,6,2,1,1,2,77.82
Asian Elephant,81.99,1,6,2,1,2,0,61.69
Wild Boar,70.19,7,1,0,2,0,2,35.22
Asian Elephant,87.1,7,2,2,2,1,2,65.5
Spotted Deer,82.13,20,6,1,2,0,0,63.25
Leopard,91.05,7,2,2,1,1,1,56.8
Leopard,88.67,8,1,1,2,0,0,38.24
Asian Elephant,83.79,16,1,0,0,1,2,44.56
Wild Boar,79.04,3,3,2,1,1,1,50.92
Wild Boar,65.19,13,3,1,2,2,0,56.77
Spotted Deer,70.19,10,4,0,1,1,2,49.16
Asian Elephant,76.34,18,5,1,0,0,1,58.44
Leopard,83.37,7,4,2,0,1,2,63.82
Wild Boar,80.03,5,5,2,2,1,1,68.43
Asian Elephant,71.24,7,2,1,1,0,1,43.72
Wild Boar,60.25,17,4,0,2,0,0,41.22
Wild Boar,79.35,4,4,0,1,1,1,41.21
Leopard,71.14,16,0,0,2,0,2,46.1
Tiger,88.65,19,1,0,2,1,1,57.9
Spotted Deer,60.93,10,3,1,1,1,2,46.46
Spotted Deer,82.81,3,4,2,1,1,1,50.73
Leopard,96.72,3,3,1,0,0,1,36.48
Wild Boar,66.8,17,5,2,0,2,0,64.69
Asian Elephant,78.39,10,4,2,1,2,1,70.17
Wild Boar,63.57,17,5,1,0,1,1,57.14
Leopard,84.4,17,4,1,0,1,2,63.26
Spotted Deer,81.47,4,6,0,1,0,2,44.36
Wild Boar,75.89,6,2,2,1,2,2,60.72
Spotted Deer,80.33,12,0,0,1,2,1,38.01
Asian Elephant,94.97,20,5,0,2,2,2,80.31
Spotted Deer,67.66,17,1,1,1,0,2,43.68
Spotted Deer,60.88,17,1,0,1,0,1,31.38
Tiger,93.6,10,2,0,1,0,2,47.32
Tiger,82.51,7,2,0,0,1,0,32.66
Tiger,94.74,16,6,1,1,0,0,62.13
Spotted Deer,83.28,13,1,0,0,1,2,38.67
Leopard,91.6,3,5,0,2,1,2,58.34
Spotted Deer,76.76,2,1,1,1,1,2,36.78
Leopard,89.24,16,0,1,1,1,1,50.92
Leopard,95.61,6,4,1,0,0,0,38.25
Tiger,82.31,6,0,2,2,0,0,47.57
Wild Boar,67.05,13,6,1,1,2,2,77.54
Asian Elephant,70.48,7,6,2,2,2,2,82.05
Tiger,67.75,5,1,1,2,1,1,51.27
Tiger,69.63,7,4,1,1,2,1,59.35
Wild Boar,71.95,2,1,1,2,2,0,40.3
Asian Elephant,81.65,17,0,2,2,2,1,72.64
Spotted Deer,82.93,13,0,0,1,1,0,28.7
Spotted Deer,76.63,16,5,1,0,2,2,66.67
Tiger,84.0,20,5,2,1,0,2,81.2
Asian Elephant,63.18,2,0,1,2,1,0,31.3
Tiger,63.42,5,4,0,1,0,2,50.45
Leopard,66.7,18,6,2,0,1,1,72.43
Tiger,80.21,7,5,1,2,0,2,66.07
Tiger,68.35,11,5,1,2,2,2,76.77
Spotted Deer,71.05,11,3,1,0,1,0,39.48
Spotted Deer,75.61,17,3,0,0,0,1,38.41
Spotted Deer,91.66,16,5,2,2,1,1,71.61
Leopard,60.54,13,1,1,0,0,2,43.24
Spotted Deer,85.33,5,4,1,1,2,2,58.83
Asian Elephant,86.09,20,2,2,0,1,1,67.41
Wild Boar,91.15,16,5,0,1,1,1,59.95
Asian Elephant,96.38,16,3,0,2,0,0,52.13
Asian Elephant,60.79,16,4,0,2,0,2,58.35
Spotted Deer,66.0,14,4,0,2,2,2,58.64
Wild Boar,94.56,6,3,0,2,0,1,41.81
Wild Boar,77.88,2,4,1,2,0,0,39.62
Wild Boar,82.02,14,4,1,0,0,1,48.18
Leopard,85.86,16,3,1,0,2,2,64.31
Spotted Deer,86.48,20,0,2,2,2,2,69.51
Wild Boar,96.34,13,5,0,0,1,2,57.39
Leopard,98.88,15,1,2,0,2,2,65.29
Tiger,88.09,12,2,0,2,0,0,47.94
Tiger,71.2,9,1,0,0,1,2,42.75
Leopard,94.31,18,0,2,2,2,1,73.78
Leopard,61.92,14,6,1,2,2,0,69.37
Spotted Deer,69.01,20,0,2,2,0,0,49.56
Spotted Deer,95.0,4,4,1,2,0,2,50.23
Tiger,69.99,8,1,0,0,2,0,35.05
Wild Boar,68.61,8,0,1,0,1,2,35.07
Tiger,65.39,16,1,0,1,0,0,39.15
Wild Boar,93.51,10,0,0,1,2,0,35.01
Wild Boar,79.5,17,2,1,2,2,1,66.27
Spotted Deer,86.32,1,0,0,1,0,1,18.35
Asian Elephant,69.32,18,1,1,0,1,1,48.92
Asian Elephant,89.56,10,4,2,0,1,0,55.53
Leopard,89.64,4,1,0,1,1,1,34.89
Spotted Deer,72.19,1,3,0,1,0,1,27.17
Wild Boar,76.02,4,1,2,0,0,1,36.09
Asian Elephant,68.18,4,2,0,1,0,0,27.92
Wild Boar,98.09,4,5,2,0,1,2,64.14
Asian Elephant,85.18,17,2,2,0,1,1,61.51
Asian Elephant,96.45,9,2,0,1,0,0,35.11
Asian Elephant,71.83,19,0,2,1,0,0,50.79
Spotted Deer,90.49,13,2,2,2,0,2,63.86
Tiger,89.87,4,1,2,2,1,1,57.48
Wild Boar,86.97,5,5,0,2,2,0,54.4
Spotted Deer,97.66,13,6,2,2,2,0,76.34
Spotted Deer,75.35,16,4,1,2,1,0,55.33
Spotted Deer,65.1,5,6,1,0,0,2,46.07
Spotted Deer,86.2,8,2,2,1,0,1,43.78
Spotted Deer,88.44,16,1,1,0,0,0,30.79
Leopard,82.43,1,0,0,2,0,0,24.09
Wild Boar,68.07,6,0,2,2,1,0,45.63
Spotted Deer,79.67,11,4,0,1,2,0,44.79
Wild Boar,72.18,16,4,1,0,2,1,60.49
Leopard,76.67,5,1,1,2,1,1,45.82
Leopard,85.16,16,4,1,2,0,0,59.4
Wild Boar,89.06,7,4,1,2,2,0,62.52
Asian Elephant,69.06,19,0,0,2,1,0,47.18
Tiger,75.81,1,1,2,0,0,2,43.21
Asian Elephant,70.5,9,5,0,0,2,2,56.69
Asian Elephant,67.75,18,4,2,2,1,2,81.57
Asian Elephant,90.55,13,1,1,0,2,0,44.93
Spotted Deer,95.46,15,2,1,2,2,2,65.75
Leopard,74.44,3,0,1,1,1,1,37.7
Asian Elephant,89.3,10,5,1,1,1,2,66.06
Leopard,94.98,9,0,0,1,2,0,36.92
Wild Boar,93.0,13,0,2,0,2,1,51.99
Tiger,67.13,16,3,2,2,1,0,70.48
Wild Boar,97.3,3,1,1,1,0,1,33.07
Wild Boar,74.69,15,2,0,1,0,2,46.74
Spotted Deer,73.23,17,4,1,0,0,2,54.59
Tiger,62.43,14,2,2,0,0,1,52.33
Wild Boar,78.96,7,1,2,1,1,1,48.39
Wild Boar,64.25,20,0,0,2,0,0,38.5
Tiger,69.69,16,3,2,2,2,1,82.45
Tiger,72.36,8,1,0,2,0,0,37.6
Wild Boar,91.54,4,5,1,1,1,1,54.06
Tiger,94.14,20,5,1,0,0,1,63.78
Wild Boar,71.8,15,1,0,2,0,2,46.38
Wild Boar,93.49,5,4,1,1,1,2,53.75
Spotted Deer,93.43,13,2,0,1,0,0,30.84
Asian Elephant,89.82,6,2,1,0,1,0,39.89
Wild Boar,65.72,5,4,1,2,0,0,42.83
Leopard,86.92,17,3,2,1,1,1,68.25
Asian Elephant,96.86,7,0,2,2,0,1,51.61
Asian Elephant,86.62,6,6,0,2,2,0,58.87
Asian Elephant,72.93,2,6,1,2,2,1,67.67
Spotted Deer,79.52,11,0,1,1,1,2,41.35
Wild Boar,85.18,7,5,1,2,1,1,62.45
Spotted Deer,79.91,8,3,2,0,1,2,53.46
Wild Boar,64.68,5,4,0,1,2,0,41.8
Spotted Deer,72.17,18,6,0,1,1,1,54.78
Spotted Deer,91.29,16,1,0,2,0,0,38.11
Leopard,93.6,14,2,1,2,1,2,67.56
Spotted Deer,65.35,12,1,0,2,1,0,37.37
Tiger,97.14,17,2,2,1,0,2,68.76
Leopard,72.82,5,1,2,0,0,2,42.81
Spotted Deer,85.83,14,4,0,0,2,0,40.08
Asian Elephant,89.32,6,4,1,1,0,2,53.95
Tiger,91.67,15,3,2,0,0,0,58.93
Tiger,96.88,7,1,2,2,1,0,57.65
Tiger,72.2,14,1,1,1,2,0,51.95
Leopard,93.48,18,3,1,0,0,2,59.06
Spotted Deer,65.14,1,3,0,1,2,2,39.54
Spotted Deer,87.5,6,4,2,0,0,1,42.04
Asian Elephant,88.94,3,4,2,1,2,0,56.59
Asian Elephant,86.43,5,5,0,0,0,0,37.27
Tiger,69.84,12,1,0,1,1,0,40.07
Asian Elephant,94.05,11,4,2,1,2,0,65.73
Leopard,66.59,13,6,2,1,2,0,72.59
Spotted Deer,62.09,16,4,1,1,0,0,43.67
Tiger,87.98,18,1,1,1,2,0,61.6
Asian Elephant,78.54,17,3,2,2,0,1,70.27
Leopard,93.11,17,1,2,1,2,1,66.37
Leopard,74.95,11,6,1,1,2,0,64.66
Asian Elephant,66.56,20,0,0,1,1,0,40.76
Spotted Deer,92.62,10,1,0,0,1,1,30.44
Asian Elephant,81.41,16,0,2,1,2,1,62.72
Tiger,67.38,2,1,2,2,1,0,48.33
Asian Elephant,88.09,17,6,1,1,2,0,71.4
Leopard,79.93,20,0,2,0,0,1,49.18
Asian Elephant,83.57,10,0,0,0,2,1,35.53
Spotted Deer,77.98,13,6,1,1,2,0,58.71
Wild Boar,92.32,12,1,1,1,1,1,49.82
Asian Elephant,92.35,15,5,0,1,1,0,56.71
Spotted Deer,87.67,7,4,0,1,0,2,44.8
Spotted Deer,64.11,13,2,1,0,0,0,30.24
Leopard,92.72,12,4,2,1,0,0,59.93
Spotted Deer,86.17,12,0,0,0,2,0,28.45
Spotted Deer,87.18,2,1,1,0,0,1,24.92
Spotted Deer,74.16,5,1,2,2,0,0,39.76
Spotted Deer,94.29,2,1,2,0,1,0,33.89
Tiger,88.29,20,1,1,1,1,1,61.68
Tiger,64.39,13,5,0,1,0,2,56.0
Leopard,75.9,3,2,2,1,0,2,51.26
Asian Elephant,94.57,11,3,0,1,2,1,58.16
Spotted Deer,61.84,16,0,1,2,2,0,47.09
Asian Elephant,97.5,1,2,0,2,1,2,46.68
Asian Elephant,86.49,19,4,2,2,0,2,82.37
Leopard,84.62,11,3,1,2,0,1,52.89
Spotted Deer,70.55,9,3,2,0,0,2,47.63
Spotted Deer,69.7,14,1,2,2,0,2,54.62
Wild Boar,96.74,9,2,1,0,0,1,39.63
Asian Elephant,71.63,7,4,1,1,2,2,66.82
Asian Elephant,90.24,16,1,0,0,2,0,44.49
Tiger,75.33,3,1,1,0,0,1,29.06
Wild Boar,65.43,19,6,0,2,2,0,65.46
Tiger,60.42,4,6,1,1,2,0,55.56
Tiger,81.23,7,6,2,1,0,1,68.84
Tiger,98.06,12,5,0,2,2,2,74.38
Leopard,74.4,18,0,1,0,0,1,41.5
Leopard,73.93,5,3,0,2,2,2,56.03
Tiger,73.42,10,4,0,0,0,0,37.47
Wild Boar,80.3,12,3,0,2,0,2,45.82
Asian Elephant,77.19,8,2,2,2,2,0,62.59
Wild Boar,94.32,19,0,1,1,2,0,51.8
Spotted Deer,79.72,15,1,1,1,1,0,43.05
Leopard,79.8,1,0,0,1,0,1,22.94
Asian Elephant,65.4,3,1,1,2,0,2,45.79
Asian Elephant,98.33,18,6,2,1,0,2,81.46
Spotted Deer,69.75,18,0,0,1,0,2,34.99
Spotted Deer,62.86,2,1,2,2,2,0,45.48
Tiger,85.86,5,3,2,1,2,1,66.44
Leopard,83.22,1,6,1,0,1,2,55.92
Leopard,76.19,10,6,1,1,0,2,64.02
Wild Boar,76.47,20,6,0,0,1,1,59.95
Tiger,90.62,10,3,2,1,1,2,68.34
Tiger,67.63,5,3,1,2,1,1,57.63
Tiger,91.99,18,3,0,2,1,1,63.79
Tiger,85.3,15,6,0,1,1,2,69.99
Leopard,76.34,20,0,1,0,2,1,52.76
Leopard,77.86,8,1,2,1,2,1,52.68
Tiger,70.01,17,3,0,2,1,2,66.43
Wild Boar,89.33,12,0,1,1,2,0,43.26
Asian Elephant,80.0,12,1,0,2,2,2,58.11
Asian Elephant,72.51,1,6,1,0,1,2,53.46
Wild Boar,83.25,4,0,0,0,2,0,23.29
Tiger,98.83,8,6,2,2,2,1,84.18
Leopard,76.98,1,5,0,0,0,2,37.16
Asian Elephant,95.91,15,3,1,2,1,0,61.65
Spotted Deer,73.46,18,2,1,2,0,0,45.93
Spotted Deer,62.13,1,0,1,2,0,2,29.69
Wild Boar,67.97,11,3,2,1,1,2,66.37
Tiger,76.33,2,4,1,0,0,0,35.32
Asian Elephant,68.57,1,1,1,1,0,2,39.06
Tiger,60.01,12,5,2,1,2,0,72.0
Asian Elephant,95.69,16,3,1,0,0,2,59.92
Wild Boar,92.91,10,4,1,1,1,0,50.96
Wild Boar,88.95,18,0,2,2,2,2,73.31
Spotted Deer,66.54,15,0,0,1,2,2,43.5
Tiger,64.69,17,4,1,2,2,2,81.49
Spotted Deer,62.64,10,5,0,0,1,1,39.52
Tiger,88.24,3,4,2,1,1,2,67.87
Spotted Deer,96.22,16,1,1,0,1,0,38.97
Leopard,76.79,6,0,1,2,0,0,36.89
Leopard,64.65,3,4,2,1,0,1,50.91
Leopard,79.98,9,2,1,2,2,1,59.46
Leopard,73.6,11,2,0,2,2,1,54.09
Asian Elephant,74.62,13,4,0,2,1,2,66.48
Leopard,84.23,18,1,2,0,1,2,62.23
Wild Boar,88.03,4,0,1,0,0,0,24.17
Wild Boar,64.31,8,2,1,0,0,0,28.08
Asian Elephant,61.39,13,4,2,1,1,2,71.6
Leopard,98.78,10,6,0,2,1,0,57.38
Leopard,69.08,2,4,0,0,0,2,34.75
Leopard,62.1,8,3,2,2,2,1,65.91
Spotted Deer,67.41,6,4,1,0,2,2,52.18
Tiger,61.52,16,1,0,2,0,2,50.53
Spotted Deer,75.28,18,2,1,0,0,2,48.19
Tiger,91.29,17,3,0,0,2,0,51.96
Leopard,73.31,6,2,1,0,0,2,40.86
Leopard,77.32,13,2,0,0,2,2,53.8
Spotted Deer,86.35,14,1,1,2,2,2,59.72
Spotted Deer,79.85,10,4,2,0,0,1,47.42
Tiger,93.6,11,1,0,0,1,2,45.15
Wild Boar,93.78,13,4,2,0,1,2,67.63
Tiger,60.39,12,3,0,2,1,2,60.29
Spotted Deer,90.34,9,1,0,0,1,0,24.31
Spotted Deer,77.97,4,1,0,2,1,1,33.13
Asian Elephant,98.56,7,6,1,1,1,1,62.14
Spotted Deer,78.85,2,5,0,2,1,2,49.69
Asian Elephant,98.49,7,0,2,1,0,2,52.59
Wild Boar,89.43,9,1,1,0,0,0,31.95
Tiger,69.7,5,5,1,0,1,2,56.75
Tiger,81.0,15,0,0,2,0,0,39.68
Asian Elephant,98.69,18,6,1,0,2,2,81.87
Tiger,93.44,4,4,0,0,1,0,36.5
Spotted Deer,63.8,19,4,2,2,2,1,72.23
Leopard,87.55,20,4,1,0,0,2,61.15
Asian Elephant,73.48,7,5,1,1,1,0,51.62
Tiger,60.27,8,5,2,1,2,0,68.85
Asian Elephant,75.74,17,0,2,0,0,2,58.08
Asian Elephant,69.16,13,4,0,0,1,0,40.69
Leopard,91.94,11,2,1,1,1,2,58.09
Spotted Deer,73.16,1,1,2,0,2,2,42.97
Asian Elephant,92.27,2,5,1,1,2,0,56.27
Tiger,60.02,17,5,2,2,2,0,81.23
Wild Boar,72.0,5,5,1,1,0,0,40.95
Asian Elephant,69.41,6,0,2,0,2,1,45.96
Asian Elephant,69.11,7,4,1,0,2,2,58.72
Leopard,62.66,15,2,0,1,2,2,58.47
Spotted Deer,67.3,19,1,1,1,1,1,47.46
Wild Boar,81.67,16,1,0,0,2,1,41.01
Tiger,71.36,13,4,0,0,2,0,52.4
Wild Boar,76.28,5,2,0,0,0,2,31.75
Tiger,74.7,3,0,1,2,0,1,37.06
Spotted Deer,94.16,3,5,1,2,2,1,60.16
Tiger,95.31,19,5,0,1,0,2,68.82
Leopard,79.23,14,6,2,1,0,2,75.65
Leopard,72.88,16,4,1,2,0,2,70.21
Leopard,64.17,17,1,1,2,1,0,53.48
Leopard,97.18,4,5,1,1,2,1,62.54
Wild Boar,62.35,13,6,1,2,2,0,68.21
Spotted Deer,71.61,8,1,0,1,2,2,41.09
Tiger,71.62,19,1,2,0,0,2,62.58
Tiger,72.5,5,4,2,1,0,1,56.64
Leopard,66.41,2,3,2,2,0,0,48.72
Leopard,90.54,15,6,2,2,1,0,78.54
Asian Elephant,64.78,2,3,0,2,0,0,32.82
Spotted Deer,84.76,11,3,1,1,1,2,54.06
Wild Boar,64.83,13,6,1,2,2,1,72.52
Tiger,62.75,10,2,0,1,0,0,34.66
Asian Elephant,95.47,3,4,1,0,1,2,55.41
Asian Elephant,67.42,5,6,0,0,1,2,51.96
Tiger,92.03,3,1,2,2,0,0,46.01
Wild Boar,81.24,6,6,0,1,1,1,47.53
Asian Elephant,63.04,13,5,1,1,0,1,59.04
Asian Elephant,97.26,10,6,1,2,1,0,72.64
Spotted Deer,69.63,19,2,1,1,2,2,61.85
Wild Boar,93.53,8,3,2,2,2,2,73.37
Asian Elephant,66.58,18,0,0,2,2,0,50.49
Wild Boar,93.3,3,2,0,0,0,2,29.21
Tiger,60.52,17,2,1,2,2,2,76.23
Leopard,79.96,8,4,0,1,2,0,48.72
Asian Elephant,90.01,10,5,1,2,2,2,77.96
Spotted Deer,96.46,2,2,0,0,0,0,14.79
Tiger,95.46,12,6,2,0,1,0,70.31
Wild Boar,91.97,6,5,2,1,0,0,52.88
Tiger,94.64,2,4,0,2,0,2,53.19
Asian Elephant,67.77,3,6,2,1,2,0,64.79
Wild Boar,71.08,17,0,2,1,1,2,63.0
Leopard,71.27,7,1,2,2,2,0,56.1
Tiger,74.71,5,1,1,0,2,1,50.95
Asian Elephant,75.34,1,3,0,1,0,2,39.08
Spotted Deer,81.24,8,3,0,1,0,2,39.02
Wild Boar,66.24,12,0,1,0,0,2,36.52
Tiger,86.96,14,1,1,2,2,1,67.04
Tiger,66.54,16,3,2,2,1,0,68.1
Leopard,72.1,10,5,0,2,1,1,55.67
Leopard,79.63,15,2,1,0,2,0,49.75
Spotted Deer,91.06,15,4,2,1,1,0,59.93
Spotted Deer,88.84,10,6,0,0,2,0,51.2
Asian Elephant,85.18,7,3,2,1,1,0,55.81
Asian Elephant,66.08,3,0,0,1,2,0,27.46
Spotted Deer,81.33,2,6,2,2,1,1,64.91
Spotted Deer,63.41,6,1,0,2,0,2,33.15
Wild Boar,74.72,9,0,0,2,0,1,35.48
Leopard,76.13,10,4,0,0,0,2,48.22
Asian Elephant,61.55,4,4,0,2,0,2,44.55
Leopard,70.69,3,0,2,0,2,2,43.62
Leopard,97.27,9,3,1,2,1,1,64.26
Spotted Deer,97.19,17,3,0,2,2,0,53.39
Wild Boar,73.74,14,1,0,2,0,0,32.7
Tiger,61.68,10,5,0,0,1,2,52.83
Wild Boar,66.98,13,1,0,1,2,0,37.29
Wild Boar,75.3,12,2,2,0,0,0,41.08
Leopard,96.96,1,5,1,0,1,1,50.62
Wild Boar,65.51,19,6,1,0,1,0,58.49
Asian Elephant,89.78,19,2,1,1,0,0,48.75
Leopard,64.24,6,1,2,0,0,1,38.94
Asian Elephant,98.27,13,5,1,2,1,0,65.37
Tiger,74.88,19,5,2,1,0,2,79.08
Leopard,90.23,13,2,2,0,2,1,62.16
Tiger,73.36,4,0,0,0,0,0,19.4
Leopard,84.48,2,3,2,1,0,0,43.13
Spotted Deer,67.49,15,5,1,0,0,1,49.52
Wild Boar,65.69,12,6,1,1,1,2,64.04
Spotted Deer,96.58,7,6,1,2,1,1,63.99
Tiger,95.79,20,5,0,0,0,2,65.85
Wild Boar,94.61,18,2,0,0,1,1,45.64
Leopard,84.39,13,5,0,2,0,0,50.16
Wild Boar,91.52,17,2,2,0,2,1,62.55
Asian Elephant,62.69,4,0,1,0,1,1,31.79
Wild Boar,73.06,14,6,2,1,0,2,75.11
Asian Elephant,72.23,20,5,2,0,1,1,72.38
Wild Boar,84.79,13,4,1,2,2,2,76.23
Asian Elephant,73.88,3,1,0,0,2,1,30.81
Tiger,65.79,18,6,1,1,0,0,62.54
Spotted Deer,83.26,14,0,2,2,1,1,54.9
Leopard,91.76,15,4,2,2,2,0,76.84
Wild Boar,74.9,3,6,0,2,1,2,56.25
Spotted Deer,65.16,1,0,2,2,0,2,42.15
Leopard,67.67,17,3,2,1,2,2,79.51
Leopard,69.26,3,0,1,1,2,2,45.34
Asian Elephant,71.7,14,0,0,1,1,1,39.46
Tiger,85.07,3,3,1,1,2,1,54.51
Tiger,83.44,13,5,1,0,0,1,59.24
Spotted Deer,87.15,15,1,1,1,0,0,35.98
Tiger,74.14,18,4,2,0,2,1,72.22
Wild Boar,92.14,14,6,2,2,0,0,67.5
Tiger,67.96,3,2,0,0,2,0,34.02
Spotted Deer,78.29,19,1,2,0,2,1,54.95
Tiger,91.24,8,6,0,0,2,0,53.21
Wild Boar,67.03,4,0,1,1,2,2,44.61
Asian Elephant,64.28,4,2,1,1,1,1,40.35
Spotted Deer,94.46,19,3,2,2,2,1,76.78
Asian Elephant,73.37,11,1,2,1,0,0,45.4
Asian Elephant,86.67,1,5,0,0,1,1,37.27
Asian Elephant,60.99,8,4,2,1,0,1,56.85
Leopard,86.91,15,1,2,1,2,0,61.58
Leopard,72.33,1,1,2,0,0,1,35.28
Asian Elephant,62.17,7,5,1,2,1,1,62.45
Spotted Deer,83.78,20,2,2,1,0,1,58.23
Wild Boar,69.39,20,3,2,2,1,0,69.66
Wild Boar,75.09,11,5,1,0,2,1,57.21
Tiger,63.14,14,6,1,1,2,1,71.11
Spotted Deer,65.74,16,3,1,2,0,1,49.91
Leopard,71.62,14,5,1,2,0,2,67.03
Asian Elephant,63.5,12,1,2,0,2,1,59.83
Tiger,95.52,17,3,2,1,2,0,71.95
Wild Boar,60.24,14,2,2,2,0,2,61.65
Leopard,78.87,10,2,0,2,2,0,47.62
Leopard,64.81,14,4,1,2,1,1,63.74
Asian Elephant,72.0,18,3,2,2,1,1,78.17
Wild Boar,96.12,9,4,2,2,0,1,60.51
Spotted Deer,66.31,17,6,2,2,0,2,80.18
Leopard,97.67,6,5,1,2,2,1,69.29
Asian Elephant,68.03,8,0,1,2,2,0,48.45
Spotted Deer,88.92,13,6,1,2,1,2,72.25
Wild Boar,81.32,18,2,2,2,0,0,61.03
Leopard,94.49,5,1,1,1,0,0,32.37
Spotted Deer,81.61,6,2,2,0,0,0,30.73
Spotted Deer,80.85,19,0,0,0,0,0,29.86
Spotted Deer,67.62,4,1,1,0,1,0,27.64
Leopard,66.48,7,3,1,2,1,1,52.22
Leopard,95.74,4,3,2,0,0,0,44.02
Tiger,72.79,11,6,1,2,1,0,69.45
Wild Boar,74.51,12,2,1,1,0,1,46.35
Asian Elephant,89.63,14,1,2,0,1,2,60.72
Spotted Deer,73.21,13,5,2,1,2,1,73.41
Tiger,97.13,10,1,2,1,1,2,66.47
Asian Elephant,88.78,18,4,0,2,0,0,53.17
Tiger,83.3,16,0,2,0,2,1,60.21
Leopard,94.35,5,6,1,1,0,2,58.76
Spotted Deer,61.93,8,3,0,0,2,2,41.03
Asian Elephant,70.03,14,2,2,1,2,1,66.67
Asian Elephant,78.14,5,1,0,1,1,1,37.17
Asian Elephant,68.85,8,3,0,2,1,1,50.62
Asian Elephant,89.01,6,2,1,0,2,1,49.66
Asian Elephant,95.85,16,3,0,2,2,1,66.32
Tiger,76.53,4,2,2,2,2,0,61.87
Spotted Deer,73.34,12,3,0,2,0,0,36.26
Leopard,97.5,11,5,0,2,1,1,56.69
Leopard,77.35,3,4,1,2,0,1,54.28
Leopard,79.07,12,0,1,1,1,0,39.12
Leopard,73.71,5,3,2,0,0,2,52.15
Tiger,95.47,6,0,1,0,1,0,34.37
Wild Boar,82.19,19,3,2,2,2,1,81.64
Spotted Deer,89.72,18,6,2,0,2,2,77.89
Asian Elephant,91.66,16,1,1,1,1,1,54.47
Wild Boar,73.33,11,4,0,2,2,2,62.05
Leopard,76.91,5,6,1,1,2,1,64.78
Wild Boar,93.09,9,5,0,1,0,0,42.36
Spotted Deer,74.17,3,4,0,2,1,1,42.28
Asian Elephant,90.96,8,0,2,1,2,0,52.22
Asian Elephant,96.7,6,1,2,2,1,2,65.9
Spotted Deer,84.31,4,2,1,1,0,0,31.18
Spotted Deer,88.92,12,6,0,0,1,2,56.74
Leopard,91.4,12,4,1,0,0,1,51.55
Asian Elephant,92.96,16,5,2,0,0,0,62.57
Wild Boar,75.41,10,6,0,2,0,2,62.51
Tiger,62.0,14,1,1,1,2,2,64.48
Tiger,75.67,13,1,1,1,0,2,53.88
Spotted Deer,86.28,9,0,2,0,1,2,42.58
Leopard,77.56,7,5,2,0,1,1,56.55
Tiger,89.21,12,1,2,2,2,1,72.3
Asian Elephant,73.92,5,1,2,2,2,1,61.43
Spotted Deer,84.76,18,2,1,1,0,2,51.89
Wild Boar,67.27,4,0,2,2,0,1,42.64
Spotted Deer,89.23,2,0,2,2,0,2,41.92
Wild Boar,81.28,3,5,1,2,2,2,68.04
Spotted Deer,67.96,12,1,1,0,2,2,48.05
Spotted Deer,71.38,3,2,0,0,1,0,20.31
Spotted Deer,89.2,4,3,1,1,0,1,38.91
Wild Boar,78.82,6,4,0,2,0,1,43.16
Wild Boar,68.43,12,6,2,0,1,0,59.66
Spotted Deer,97.72,19,0,0,2,1,0,44.15
Tiger,87.89,10,2,0,1,1,0,43.07
Leopard,97.33,1,5,2,2,1,0,62.43
Leopard,76.66,17,2,2,1,0,2,64.98
Leopard,78.53,16,1,2,1,2,1,67.01
Wild Boar,95.02,9,4,0,0,0,1,40.74
Wild Boar,80.48,9,0,1,2,1,1,44.87
Tiger,87.58,9,3,1,0,2,2,63.22
Leopard,69.83,12,1,1,2,0,1,47.64
Leopard,77.42,9,0,2,2,1,0,50.86
Spotted Deer,64.81,15,6,2,1,2,1,75.29
Wild Boar,68.03,2,5,1,1,2,1,51.29
Leopard,60.04,11,0,2,2,2,2,62.84
Tiger,61.53,11,2,0,0,0,0,28.54
Tiger,98.11,8,6,0,1,1,0,53.43
Leopard,69.45,6,4,2,1,0,0,49.22
Wild Boar,85.87,20,3,1,2,0,1,66.2
Tiger,92.72,7,4,1,2,0,0,56.39
Spotted Deer,81.48,3,2,0,1,2,0,29.26
Tiger,65.97,8,3,2,0,1,1,57.5
Asian Elephant,88.4,18,3,1,1,0,2,64.05
Asian Elephant,83.41,17,1,1,2,1,1,61.52
Wild Boar,88.52,11,3,2,1,2,2,69.69
Leopard,90.02,2,0,2,2,0,2,47.21
Wild Boar,98.04,19,4,1,1,1,0,63.18
Wild Boar,82.37,7,5,2,2,2,0,68.6
Wild Boar,73.32,18,5,2,2,0,1,74.42
Wild Boar,85.29,8,4,2,0,0,2,59.76
Spotted Deer,62.67,14,1,1,2,1,1,47.7
Spotted Deer,95.0,7,3,0,1,1,0,34.03
Tiger,64.66,4,2,2,2,0,2,61.8
Asian Elephant,72.79,17,6,1,1,0,0,61.17
Wild Boar,91.81,5,6,0,0,2,0,44.47
Tiger,83.3,12,0,1,1,2,0,50.96
Asian Elephant,75.35,9,1,1,0,0,2,41.33
Leopard,78.46,20,6,1,0,1,2,72.22
Spotted Deer,93.33,13,3,0,2,1,0,45.45
Asian Elephant,73.26,18,5,1,0,0,2,65.52
Leopard,93.92,20,2,0,1,2,0,52.7
Asian Elephant,63.44,9,3,2,0,0,0,42.08
Spotted Deer,90.3,4,1,0,0,1,0,19.06
Spotted Deer,93.05,8,2,1,2,0,2,47.2
Tiger,67.09,1,6,0,1,0,1,41.36
Wild Boar,76.78,17,2,1,0,2,1,55.33
Asian Elephant,66.45,9,2,2,2,1,2,68.71
Asian Elephant,87.56,20,2,0,2,1,2,66.78
Leopard,80.88,13,6,2,1,0,0,64.46
Spotted Deer,84.78,2,3,0,2,1,0,35.74
Asian Elephant,67.66,13,2,1,0,1,1,51.62
Spotted Deer,68.26,9,3,0,2,1,0,39.04
Asian Elephant,61.62,20,2,2,1,1,1,66.14
Tiger,72.56,6,2,0,1,2,1,49.4
Wild Boar,81.83,1,1,2,2,2,2,62.17
Asian Elephant,93.46,5,3,2,0,2,2,64.8
Spotted Deer,86.01,3,5,1,2,2,2,65.95
Tiger,76.98,4,3,0,1,2,1,46.61
Asian Elephant,97.17,1,4,2,2,1,2,64.96
Leopard,88.05,14,6,1,2,0,1,67.15
Wild Boar,96.28,9,5,1,0,0,2,55.23
Asian Elephant,80.58,4,1,1,2,2,1,52.32
Tiger,70.1,18,3,2,0,1,0,63.22
Leopard,62.06,14,1,0,2,2,0,43.63
Tiger,88.32,4,5,2,2,0,1,63.36
Tiger,64.73,10,1,1,0,1,1,44.96
Leopard,71.81,3,1,2,0,1,0,33.98
Tiger,80.77,7,0,2,1,1,1,51.12
Leopard,82.01,10,3,1,0,0,1,44.37
Asian Elephant,83.42,13,1,0,2,0,0,38.04
Leopard,66.48,4,0,1,1,2,1,42.49
Leopard,74.81,18,0,1,0,2,2,52.27
Wild Boar,84.07,11,2,2,0,0,0,46.42
Leopard,97.82,4,2,1,1,2,2,56.36
Leopard,88.38,14,6,2,2,0,1,76.3
Asian Elephant,95.98,18,5,1,2,1,1,82.17
Wild Boar,89.73,8,3,1,1,2,2,58.59
Spotted Deer,83.08,10,2,0,2,0,1,35.54
Asian Elephant,67.49,5,5,1,0,0,1,47.94
Asian Elephant,86.0,7,3,0,2,0,2,47.22
Spotted Deer,84.31,12,5,1,0,2,1,58.27
Leopard,83.5,3,6,1,2,2,0,61.3
Tiger,79.1,4,6,1,0,1,2,57.72
Wild Boar,80.62,10,0,0,1,2,2,45.7
Tiger,73.04,4,0,2,0,2,2,53.78
Spotted Deer,80.25,15,3,0,2,2,2,60.6
Asian Elephant,67.7,10,5,1,0,1,0,54.29
Asian Elephant,91.4,16,5,2,2,1,2,85.15
Wild Boar,67.25,15,2,1,2,1,2,63.83
Asian Elephant,63.31,19,2,0,0,2,1,51.75
Asian Elephant,77.01,20,3,0,2,0,2,64.12
Wild Boar,85.67,19,4,2,1,2,1,76.62
Wild Boar,77.07,18,2,0,2,1,2,56.09
Spotted Deer,70.79,12,1,1,1,2,2,50.85
Asian Elephant,81.77,16,2,2,1,2,0,65.33
Asian Elephant,73.53,1,4,1,2,0,1,49.93
Spotted Deer,96.38,16,5,2,1,0,0,60.37
Leopard,95.98,2,0,2,1,2,1,51.04
Leopard,79.59,15,0,1,0,1,2,52.46
Leopard,72.79,7,5,0,1,2,0,49.26
Spotted Deer,88.75,1,0,1,1,2,1,34.12
Asian Elephant,61.43,5,2,0,1,2,1,42.73
Spotted Deer,78.52,10,6,0,1,1,0,41.94
Spotted Deer,73.12,4,0,1,1,1,1,27.75
Leopard,95.9,14,6,2,2,1,2,87.33
Tiger,60.47,13,4,1,1,1,1,59.03
Asian Elephant,81.56,1,6,2,2,1,2,72.55
Leopard,88.89,16,4,0,2,2,1,68.91
Tiger,78.92,9,2,2,2,1,0,61.14
Tiger,63.33,16,5,1,0,2,2,72.44
Wild Boar,97.93,19,1,2,0,2,1,64.36
Asian Elephant,80.2,15,2,0,2,2,2,63.41
Tiger,83.95,14,0,0,0,0,0,30.77
Leopard,69.23,20,2,2,1,1,1,68.43
Wild Boar,78.86,10,4,0,2,1,1,54.73
Asian Elephant,76.74,12,2,0,2,2,2,62.7
Spotted Deer,62.92,1,2,2,2,0,0,36.15
Leopard,64.14,17,1,0,0,1,0,33.47
Tiger,92.66,9,4,2,0,2,1,68.19
Tiger,69.35,19,3,2,0,0,2,67.43
Leopard,67.6,18,3,0,1,2,1,56.63
Tiger,79.69,7,4,2,0,0,1,58.12
Wild Boar,89.98,9,3,0,2,2,2,63.11
Asian Elephant,62.42,12,0,0,0,1,0,27.07
Wild Boar,82.5,7,3,0,0,2,1,43.95
Tiger,64.65,14,0,1,0,2,1,50.22
Spotted Deer,61.42,15,4,0,0,0,2,40.52
Asian Elephant,62.06,15,3,2,2,0,2,71.09
Asian Elephant,92.53,6,3,2,0,1,1,53.62
Leopard,64.6,14,5,2,2,2,0,73.5
Leopard,61.76,2,6,1,0,0,2,49.68
Spotted Deer,77.08,8,0,1,1,1,1,36.67
Asian Elephant,92.92,13,0,2,1,1,0,57.61
Spotted Deer,70.23,6,2,2,2,0,2,51.67
Leopard,76.45,5,1,1,2,0,2,45.88
Leopard,61.56,5,3,2,1,2,1,61.05
Asian Elephant,77.51,1,5,0,1,1,2,49.86
Wild Boar,82.53,9,1,0,0,0,1,25.93
Tiger,82.27,6,6,2,1,1,2,74.68
Leopard,72.96,20,6,0,2,2,0,70.3
Leopard,72.31,7,5,2,2,0,0,61.35
Wild Boar,64.16,9,1,1,1,1,2,48.23
Wild Boar,74.31,5,3,2,2,0,1,52.17
Spotted Deer,63.88,14,6,1,0,2,2,68.67
Spotted Deer,89.9,5,5,0,0,2,1,41.68
Tiger,97.68,8,0,0,1,2,2,48.36
Tiger,97.83,7,2,0,2,2,0,52.85
Asian Elephant,93.74,13,5,2,1,0,1,71.99
Spotted Deer,83.43,13,4,1,2,0,0,50.54
Leopard,87.33,8,6,1,2,1,0,60.42
Spotted Deer,71.12,11,6,0,2,1,0,50.62
Leopard,84.6,18,3,0,0,0,2,47.42
Wild Boar,77.77,19,3,1,2,0,1,65.75
Spotted Deer,78.8,6,4,2,0,1,0,45.32
Wild Boar,89.55,2,6,0,2,0,1,49.39
Tiger,70.99,13,1,2,1,2,1,64.0
Tiger,72.4,11,2,0,0,2,0,44.87
Asian Elephant,96.06,1,1,0,0,2,2,37.95
Spotted Deer,62.19,2,4,2,0,1,0,36.9
Wild Boar,78.94,17,4,2,1,0,0,60.37
Leopard,95.6,8,2,2,0,1,1,54.99
Tiger,83.8,2,4,2,1,1,2,69.64
Tiger,81.31,6,4,1,2,0,1,59.79
Leopard,69.74,5,6,1,2,1,2,70.14
Wild Boar,73.39,16,5,0,1,2,0,55.01
Wild Boar,93.23,8,6,0,0,0,2,47.85
Spotted Deer,81.81,19,2,0,0,2,1,44.71
Spotted Deer,80.07,16,3,1,1,2,0,53.77
Asian Elephant,63.88,13,1,2,2,0,2,58.0
Tiger,60.63,20,3,0,1,2,2,69.81
Spotted Deer,97.58,7,3,1,0,2,1,45.27
Wild Boar,74.7,16,5,0,0,2,2,59.26
Leopard,83.53,16,1,1,0,0,0,38.04
Wild Boar,63.11,12,3,2,0,0,2,51.71
Tiger,86.64,14,2,1,2,0,1,59.87
Wild Boar,96.37,18,1,2,2,1,2,71.06
Asian Elephant,82.45,18,0,0,2,2,0,51.88
Tiger,64.92,16,5,2,0,1,0,67.15
Leopard,82.69,20,3,1,0,1,2,63.31
Asian Elephant,89.89,16,4,0,0,2,2,61.73
Tiger,75.85,13,1,0,1,0,0,33.76
Leopard,94.31,9,0,1,0,1,1,37.73
Asian Elephant,85.3,9,4,2,2,0,0,59.74
Asian Elephant,95.07,13,0,1,2,0,2,55.13
Tiger,84.32,4,3,2,2,2,2,71.35
Spotted Deer,65.12,9,4,2,1,1,1,54.71
Asian Elephant,72.08,15,3,0,2,1,0,51.86
Asian Elephant,67.87,14,4,2,1,0,0,58.41
Leopard,95.44,19,1,0,1,2,1,50.54
Wild Boar,89.66,12,6,1,1,1,0,61.57
Tiger,86.38,6,2,1,0,0,1,43.03
Tiger,71.74,3,6,0,0,0,0,35.36
Spotted Deer,67.18,20,2,0,2,0,1,42.12
Spotted Deer,89.5,16,6,2,2,2,1,81.25
Tiger,78.49,20,0,0,1,2,1,52.78
Spotted Deer,68.81,17,5,1,0,0,2,57.7
Leopard,84.05,16,4,0,2,0,2,59.23
Tiger,61.57,6,3,0,2,2,2,57.49
Spotted Deer,72.72,8,5,0,0,0,0,32.65
Tiger,78.27,19,1,2,1,0,1,62.0
Wild Boar,65.77,2,1,0,2,2,0,33.46
Asian Elephant,98.4,14,1,2,2,0,0,57.05
Tiger,68.15,12,2,2,0,0,1,53.67
Asian Elephant,65.08,17,3,0,0,0,2,48.46
Spotted Deer,67.94,15,1,2,1,2,0,56.06
Asian Elephant,89.99,18,1,0,1,2,0,54.1
Tiger,76.59,16,6,1,2,2,0,78.25
Wild Boar,82.05,13,0,1,1,1,2,50.25
Spotted Deer,60.82,17,4,2,2,1,1,68.77
Tiger,61.34,8,4,1,2,1,1,59.87
Spotted Deer,77.39,1,4,0,0,1,0,24.83
Leopard,91.85,3,5,2,2,2,1,69.87
Asian Elephant,94.52,16,6,0,0,0,2,59.0
Leopard,63.38,2,6,2,2,2,1,73.01
Tiger,81.0,15,0,2,2,1,0,60.77
Wild Boar,95.62,1,2,2,2,2,0,53.98
Spotted Deer,75.13,9,5,2,1,0,1,56.44
Asian Elephant,92.35,16,0,1,1,1,0,50.66
Spotted Deer,65.21,4,1,1,0,0,2,27.73
Tiger,96.48,12,3,1,2,0,2,63.31
Spotted Deer,89.31,1,5,2,0,0,2,50.68
Asian Elephant,96.71,1,5,1,0,1,2,55.95
Tiger,86.39,7,1,2,2,2,0,62.24
Spotted Deer,74.17,18,1,1,1,1,0,41.26
Wild Boar,96.59,15,3,2,1,1,1,63.69
Tiger,70.75,13,4,1,0,2,0,57.74
Tiger,72.95,16,5,1,1,2,1,74.22
Wild Boar,87.33,7,0,1,2,2,0,44.29
Leopard,89.85,16,2,2,2,2,1,78.39
Asian Elephant,96.25,13,1,2,1,0,1,55.96
Leopard,67.99,14,1,1,1,1,2,57.32
Spotted Deer,91.12,17,2,2,0,1,1,57.41
Wild Boar,88.8,12,0,0,1,1,1,35.51
Leopard,62.49,20,1,1,0,2,1,53.38
Tiger,75.1,13,2,1,2,1,1,58.54
Spotted Deer,71.03,20,6,0,2,0,1,60.28
Spotted Deer,71.88,15,1,2,2,1,2,63.05
Leopard,98.33,4,4,2,1,1,1,63.95
Leopard,85.07,2,4,2,1,0,1,53.74
Wild Boar,87.99,18,1,1,1,0,1,46.83
Asian Elephant,98.09,2,6,1,0,1,0,48.46
Leopard,74.71,15,1,1,0,2,0,42.5
Leopard,91.27,19,4,1,0,2,2,73.43
Tiger,76.95,15,6,1,2,1,1,82.25
Spotted Deer,93.91,20,1,2,0,1,1,55.94
Asian Elephant,67.05,10,6,0,1,1,0,51.31
Tiger,96.96,20,0,2,1,1,1,66.7
Wild Boar,68.53,11,0,2,2,2,2,64.81
Wild Boar,72.72,10,3,1,1,1,1,50.82
Leopard,89.49,5,0,0,1,0,2,34.02
Leopard,75.36,9,5,0,1,2,0,50.09
Wild Boar,83.72,20,6,2,0,2,2,83.58
Leopard,77.34,19,5,0,0,0,2,54.3
Asian Elephant,88.95,13,5,2,1,1,2,78.31
Leopard,68.9,18,1,2,1,1,2,64.26
Spotted Deer,62.28,17,1,2,1,1,2,61.53
Leopard,71.7,6,2,2,1,1,2,57.3
Tiger,78.5,10,6,1,0,1,2,62.93
Asian Elephant,66.55,2,5,0,2,0,2,47.24
Tiger,73.84,6,5,1,1,1,2,64.21
Tiger,75.6,13,0,1,0,0,0,35.8
Spotted Deer,62.24,18,4,1,1,0,2,57.83
Asian Elephant,82.75,7,6,2,2,0,2,73.27
Asian Elephant,94.49,2,4,2,0,1,1,53.61
Asian Elephant,65.92,14,6,1,0,1,1,60.88
Asian Elephant,83.31,5,6,1,2,2,1,71.62
Asian Elephant,85.92,18,3,0,2,2,2,71.56
Spotted Deer,76.35,11,2,1,0,0,0,29.37
Leopard,87.34,10,4,2,2,2,0,69.52
Tiger,76.02,11,3,1,1,0,1,51.51
Asian Elephant,79.68,2,0,0,2,2,1,39.54
Leopard,60.29,15,2,0,2,1,2,58.39
Leopard,86.98,7,2,1,0,1,0,39.0
Tiger,85.79,9,5,0,2,0,0,50.3
Spotted Deer,61.5,5,6,0,0,0,1,32.36
Wild Boar,74.36,7,6,2,1,1,0,64.25
Wild Boar,98.18,20,1,0,2,1,1,56.88
Leopard,76.41,2,6,0,2,1,1,55.06
Tiger,79.58,3,6,1,0,2,2,66.5
Wild Boar,95.49,2,6,2,0,2,1,63.45
Leopard,87.97,19,5,0,2,2,2,80.65
Spotted Deer,82.7,4,0,1,0,2,0,24.47
Wild Boar,91.11,20,6,1,2,0,0,71.59
Leopard,93.71,7,5,1,1,0,1,55.97
Leopard,77.82,7,2,1,2,2,1,58.42
Asian Elephant,78.53,17,5,1,1,0,2,67.03
Spotted Deer,75.06,19,6,1,1,2,2,78.29
Asian Elephant,97.7,16,3,0,0,2,0,53.12
Tiger,87.19,3,5,2,0,1,0,53.74
Asian Elephant,63.25,15,4,2,0,2,1,67.4
Asian Elephant,93.66,14,0,1,0,0,1,38.75
Wild Boar,78.74,15,0,1,2,2,2,63.0
Leopard,62.68,14,2,2,1,1,1,59.81
Spotted Deer,81.44,7,5,0,2,0,2,53.66
Asian Elephant,76.27,3,2,1,1,1,0,36.18
Spotted Deer,94.23,17,2,2,1,2,0,59.31
Asian Elephant,67.96,10,3,2,1,2,1,66.04
Tiger,92.23,15,1,1,2,2,2,73.3
Asian Elephant,81.75,6,2,2,0,2,1,56.69
Wild Boar,62.13,17,1,0,2,0,1,42.78
Leopard,97.9,17,1,2,1,2,2,74.9
Tiger,79.99,14,0,1,2,1,1,56.3
Asian Elephant,71.34,18,4,1,1,0,2,67.39
Spotted Deer,78.31,5,4,2,0,0,2,47.57
Tiger,93.46,8,5,2,0,0,1,60.07
Tiger,71.89,7,3,1,2,1,2,64.4
Asian Elephant,67.51,4,3,0,0,1,0,33.11
Tiger,65.03,18,4,2,1,1,0,67.71
Spotted Deer,71.62,5,5,0,1,1,0,36.64
Tiger,90.42,16,6,0,0,2,0,61.14
Spotted Deer,78.39,14,4,1,0,2,1,56.3
Asian Elephant,68.87,19,5,1,0,1,0,56.02
Leopard,66.48,14,5,1,2,1,0,62.31
Tiger,72.98,9,5,0,2,2,0,58.18
Leopard,96.66,6,5,1,1,2,0,58.18
Spotted Deer,73.38,17,0,1,2,1,1,44.14
Tiger,98.54,19,0,0,2,0,0,49.99
Wild Boar,78.92,12,4,0,1,0,2,44.77
Leopard,66.99,4,5,0,1,1,2,51.51
Tiger,94.75,16,2,0,0,0,1,41.53
Leopard,77.95,11,5,2,0,2,1,66.48
Tiger,87.68,4,2,1,2,0,1,48.99
Asian Elephant,98.36,17,0,2,1,1,0,58.3
Leopard,61.96,8,5,0,2,0,1,46.77
Wild Boar,63.77,14,1,0,2,0,0,32.6
Wild Boar,88.1,2,4,0,1,0,1,33.35
Spotted Deer,70.99,11,5,0,1,2,2,57.51
Tiger,67.19,11,3,0,1,2,2,56.83
Leopard,61.54,6,2,1,1,2,0,46.94
Spotted Deer,60.85,14,6,2,2,1,1,69.8
Leopard,90.2,10,6,2,2,0,2,78.96
Tiger,65.24,8,5,1,2,2,0,67.93
Wild Boar,78.24,7,1,1,1,2,2,52.31
Asian Elephant,83.63,8,2,1,0,0,1,36.62
Wild Boar,76.71,8,1,2,2,1,0,51.28
Spotted Deer,61.06,2,6,2,0,0,2,49.64
Asian Elephant,90.56,16,4,0,0,1,1,53.17
Spotted Deer,60.41,9,6,2,0,0,0,50.22
Tiger,89.71,13,4,2,1,2,2,82.25
Asian Elephant,94.84,12,4,1,1,2,2,73.33
Spotted Deer,76.88,17,0,2,2,2,0,55.84
Tiger,80.89,2,6,0,2,1,1,56.12
Wild Boar,78.6,13,6,2,1,0,0,64.63
Tiger,75.18,1,1,1,1,1,2,46.05
Leopard,94.61,19,5,1,0,2,2,77.17
Tiger,94.86,11,3,0,1,1,2,59.47
Tiger,73.1,5,3,0,1,1,1,46.94
Leopard,83.99,1,4,2,1,1,2,59.1
Spotted Deer,96.15,20,3,0,1,0,2,51.65
Spotted Deer,97.52,13,2,0,0,1,0,35.39
Tiger,79.85,8,1,1,2,1,2,62.36
Leopard,77.66,6,1,1,0,1,0,32.57
Leopard,70.87,17,1,2,1,2,2,71.27
Wild Boar,97.4,12,2,2,1,2,0,61.16
Spotted Deer,65.57,1,5,2,2,0,0,46.85
Asian Elephant,82.61,3,0,2,2,2,0,51.39
Spotted Deer,71.02,14,2,1,2,0,0,45.31
Spotted Deer,70.88,8,1,2,0,2,1,42.13
Wild Boar,75.79,11,1,2,2,0,2,57.05
Asian Elephant,98.95,14,6,0,1,0,1,60.27
Wild Boar,62.14,8,1,2,1,0,2,47.62
Asian Elephant,82.56,3,5,0,1,2,0,48.13
Tiger,63.22,7,3,1,0,1,2,54.09
Asian Elephant,66.03,19,0,2,2,2,0,67.97
Wild Boar,77.14,4,2,0,2,1,2,45.42
Spotted Deer,79.91,16,1,2,2,2,0,62.86
Asian Elephant,70.09,13,6,0,2,1,2,69.58
Asian Elephant,72.34,20,6,2,1,2,2,90.98
Leopard,63.39,19,4,1,0,0,2,56.18
Spotted Deer,71.83,5,0,1,2,0,0,25.01
Tiger,97.7,5,6,0,1,0,2,56.84
Wild Boar,96.84,20,4,0,1,1,0,55.11
Tiger,73.06,4,0,1,0,1,1,35.63
Spotted Deer,82.26,2,1,2,2,0,2,49.86
Asian Elephant,95.47,13,0,0,0,1,0,34.05
Asian Elephant,60.24,16,0,1,2,0,0,45.14
Spotted Deer,91.62,2,1,0,0,2,0,26.04
Asian Elephant,96.99,19,5,1,2,1,1,77.2
Asian Elephant,63.56,17,6,1,2,1,0,68.94
Asian Elephant,66.3,5,4,0,0,2,1,46.59
Wild Boar,97.47,18,5,0,2,1,1,67.44
Wild Boar,80.96,18,4,1,0,1,0,53.43
Leopard,60.55,8,3,2,0,1,2,56.95
Tiger,70.05,15,6,1,2,2,1,80.44
Spotted Deer,77.55,13,4,2,2,0,0,56.38
Spotted Deer,87.02,13,4,2,0,0,1,52.79
Spotted Deer,88.59,16,0,2,1,2,0,52.07
Leopard,98.82,20,3,0,0,2,0,55.09
Wild Boar,71.21,13,1,1,1,2,1,53.76
Leopard,80.99,20,1,1,1,0,0,46.4
Spotted Deer,80.8,2,2,2,0,2,1,46.14
Tiger,75.82,3,3,2,0,0,0,39.49
Asian Elephant,66.6,15,0,2,0,2,2,61.85
Wild Boar,98.12,19,2,1,1,1,2,66.16
Wild Boar,93.28,13,2,2,0,0,1,50.77
Leopard,79.43,5,1,1,0,0,1,32.44
Wild Boar,83.53,6,4,1,2,2,1,61.38
Spotted Deer,68.86,14,0,0,2,1,1,37.12
Spotted Deer,81.21,4,3,2,2,0,2,54.72
Leopard,87.1,19,2,2,0,2,1,67.05
Spotted Deer,80.09,7,0,2,0,1,0,34.85
Tiger,98.62,4,1,0,0,0,0,20.08
Leopard,83.84,2,2,2,1,2,1,55.45
Tiger,74.47,7,2,1,1,1,0,41.22
Asian Elephant,90.11,3,5,2,2,0,1,61.4
Tiger,66.65,15,1,1,1,0,0,42.53
Asian Elephant,75.0,1,5,1,1,1,0,49.77
Asian Elephant,73.53,2,1,1,1,2,1,46.88
Tiger,76.84,10,1,1,2,2,1,60.14
Leopard,90.49,16,5,2,2,1,2,85.7
Spotted Deer,78.88,15,6,0,1,0,1,52.5
Spotted Deer,90.97,15,0,0,0,1,2,39.23
Asian Elephant,82.48,14,0,1,2,1,1,53.23
Asian Elephant,73.34,14,6,2,1,1,0,72.06
Leopard,91.59,6,0,0,0,0,2,27.14
Wild Boar,69.29,14,4,2,0,1,0,54.75
Tiger,68.75,17,2,0,2,1,1,57.98
Asian Elephant,79.68,18,0,1,0,0,1,41.71
Spotted Deer,70.17,20,4,1,2,0,1,59.43
Leopard,60.35,19,2,1,1,1,1,53.89
Tiger,85.28,17,0,0,2,2,2,63.14
Leopard,79.93,16,1,2,0,1,2,59.12
Tiger,77.38,8,6,1,2,0,1,63.09
Tiger,97.71,7,3,2,2,0,0,61.55
Asian Elephant,82.28,20,0,2,1,0,2,61.48
Leopard,93.67,12,3,1,0,2,0,54.32
Leopard,65.44,9,0,0,2,0,1,35.9
Spotted Deer,82.2,14,1,1,1,2,2,57.51
Spotted Deer,93.85,20,6,1,1,0,2,69.34
Asian Elephant,82.74,1,6,0,1,0,2,48.06
Asian Elephant,88.0,10,3,2,1,1,0,56.76
Wild Boar,74.51,17,4,0,1,2,1,55.67
Spotted Deer,63.61,17,1,0,2,1,1,45.34
Tiger,77.86,17,3,1,2,2,2,80.14
Leopard,75.38,4,3,0,0,0,2,35.93
Asian Elephant,93.82,17,5,0,2,0,1,57.33
Leopard,69.52,18,5,0,0,2,0,54.53
Leopard,97.7,20,1,2,0,1,2,68.43
Wild Boar,97.37,2,1,2,0,2,0,44.7
Spotted Deer,69.66,8,1,1,2,2,0,43.67
Asian Elephant,73.57,13,2,1,1,2,1,59.29
Leopard,94.93,20,4,2,0,0,1,65.45
Asian Elephant,97.7,15,0,0,1,2,0,45.59
Tiger,77.29,20,5,1,0,0,0,57.91
Wild Boar,72.52,9,6,1,2,1,1,63.65
Tiger,80.52,3,6,0,0,0,2,45.32
Asian Elephant,86.82,3,3,0,2,1,0,39.55
Asian Elephant,70.67,2,5,0,1,1,2,50.68
Spotted Deer,88.72,1,0,0,2,1,0,19.91
Leopard,62.01,14,1,0,1,0,1,36.0
Leopard,61.92,17,6,2,2,2,2,93.86
Tiger,75.07,13,5,0,0,0,1,45.73
Wild Boar,73.79,19,4,1,0,1,0,54.5
Leopard,72.31,15,4,2,2,2,1,80.01
Spotted Deer,79.15,14,2,1,1,0,2,48.04
Tiger,72.51,2,5,0,1,1,1,48.51
Tiger,67.5,7,1,1,1,1,2,50.42
Spotted Deer,72.07,17,3,0,2,2,1,58.14
Wild Boar,98.02,18,2,1,2,0,1,56.91
Spotted Deer,76.03,6,1,1,2,2,2,55.67
Wild Boar,77.34,8,2,0,2,2,2,56.76
Spotted Deer,82.49,2,5,1,1,2,2,52.59
Spotted Deer,98.35,1,0,2,1,2,0,41.26
Asian Elephant,69.42,16,6,1,2,0,1,68.55
Tiger,86.57,7,5,2,2,2,2,86.94
Spotted Deer,87.92,11,1,2,1,1,0,47.93
Spotted Deer,83.69,15,3,1,1,1,0,46.36
Leopard,63.45,13,3,2,0,1,2,63.59
Tiger,86.4,2,1,2,2,2,2,64.32
Leopard,62.5,14,2,1,0,1,2,53.56
Tiger,83.25,6,4,0,1,0,0,39.41
Leopard,88.84,9,1,0,1,2,0,38.57
Spotted Deer,68.23,7,6,2,2,2,1,68.38
Spotted Deer,92.82,18,5,2,0,2,0,67.33
Asian Elephant,61.18,9,3,0,1,0,2,45.08
Leopard,92.91,4,0,2,0,2,1,46.9
Wild Boar,77.95,9,3,0,0,2,1,41.75
Asian Elephant,68.49,4,4,1,0,1,1,44.95
Leopard,65.22,12,3,2,0,1,1,54.48
Leopard,97.18,4,4,1,0,2,2,60.07
Asian Elephant,62.83,20,6,0,2,0,1,61.04
Spotted Deer,67.76,14,1,0,2,1,2,48.23
Leopard,73.57,7,3,1,0,2,0,45.09
Spotted Deer,84.19,13,2,2,2,1,2,66.81
Asian Elephant,81.25,8,5,1,1,1,1,61.13
Spotted Deer,64.9,5,2,1,0,0,0,23.03
Tiger,71.3,12,5,2,2,2,0,76.34
Wild Boar,69.31,13,3,0,2,1,0,48.41
Leopard,68.33,20,6,1,1,2,1,74.14
Wild Boar,76.03,14,3,1,1,0,2,58.16
Spotted Deer,87.46,18,5,0,1,0,2,53.94
Leopard,68.48,20,6,1,1,1,1,71.94
Spotted Deer,74.3,4,0,0,0,0,1,16.7
Tiger,75.25,18,6,2,2,1,0,86.41
Asian Elephant,98.08,7,3,0,2,2,2,62.25
Leopard,97.23,15,0,0,1,1,1,41.06
Tiger,91.21,6,0,1,2,1,1,51.21
Tiger,69.42,16,5,0,2,0,2,65.8
Leopard,62.65,20,0,0,2,2,0,47.22
Spotted Deer,72.36,8,0,1,1,2,0,35.52
Tiger,70.4,16,1,0,2,1,0,45.05
Wild Boar,79.73,16,6,1,2,2,2,83.42
Tiger,90.33,3,2,2,2,2,1,63.71
Spotted Deer,93.47,17,0,0,0,1,1,30.36
Spotted Deer,92.95,9,2,2,0,1,1,44.57
Wild Boar,74.03,3,0,0,2,2,1,35.58
Tiger,86.8,20,2,0,2,1,2,68.11
Spotted Deer,72.2,7,3,2,2,0,0,49.07
Leopard,62.38,18,3,2,2,2,0,75.16
Asian Elephant,87.36,12,2,1,2,1,0,51.65
Asian Elephant,60.38,19,6,1,2,2,0,76.1
Asian Elephant,75.96,16,0,2,0,2,1,56.83
Tiger,72.85,17,1,0,1,0,1,43.77
Wild Boar,87.04,20,6,1,2,0,2,80.79
Spotted Deer,89.88,15,2,0,2,2,0,48.82
Leopard,71.86,1,6,1,2,0,1,55.76
Leopard,91.65,2,4,1,1,1,1,55.31
Tiger,71.46,8,1,1,2,2,1,54.17
Asian Elephant,77.41,2,4,2,2,0,0,51.62
Tiger,88.35,19,2,0,1,2,1,62.44
Wild Boar,87.02,9,0,2,2,2,0,55.0
Wild Boar,98.51,9,6,1,1,1,0,60.53
Spotted Deer,68.78,13,6,2,1,1,2,71.36
Spotted Deer,85.83,6,4,2,2,1,2,66.06
Wild Boar,83.78,15,6,2,0,0,0,58.54
Wild Boar,95.69,19,2,0,0,0,0,39.37
Wild Boar,66.1,15,1,2,2,0,0,51.2
Tiger,89.32,18,0,2,1,1,1,66.57
Wild Boar,82.16,7,4,2,1,2,1,68.0
Leopard,70.71,11,6,2,1,1,1,68.81
Asian Elephant,78.5,8,2,2,2,0,2,65.17
Wild Boar,73.02,6,0,2,0,0,0,31.53
Asian Elephant,82.59,8,0,2,1,0,1,45.58
Tiger,94.67,2,3,1,1,1,1,52.63
Asian Elephant,82.2,19,0,2,2,0,2,65.83
Tiger,84.64,16,2,2,0,1,2,70.55
Leopard,80.23,7,1,0,0,2,0,32.13
Tiger,62.0,10,5,1,2,1,0,63.2
Tiger,69.08,12,3,2,0,0,1,53.9
Spotted Deer,79.19,17,2,0,2,2,1,54.69
Wild Boar,72.1,7,2,2,1,0,1,48.99
Wild Boar,67.09,8,2,2,2,2,1,63.19
Leopard,79.66,7,4,2,1,0,1,57.98
Leopard,72.59,4,6,2,2,1,2,73.09
Wild Boar,70.07,3,4,2,1,0,0,45.23
Spotted Deer,78.1,19,1,0,1,1,2,46.14
Wild Boar,65.2,15,2,2,2,1,0,59.3
Spotted Deer,96.18,4,6,0,1,2,0,45.65
Leopard,93.84,9,4,2,0,1,0,55.26
Asian Elephant,87.6,13,4,0,2,1,2,61.37
Leopard,64.14,18,4,1,0,1,1,58.42
Leopard,90.26,16,1,2,1,2,0,62.0
Tiger,91.51,1,1,1,1,0,0,29.84
Tiger,89.94,4,2,1,1,0,2,49.69
Tiger,64.44,18,3,1,2,1,2,74.72
Tiger,85.11,8,2,2,1,1,1,60.52
Spotted Deer,92.54,20,4,1,0,0,1,54.58
Wild Boar,82.52,16,5,0,0,1,0,46.5
Asian Elephant,85.21,11,6,2,2,0,2,78.81
Leopard,77.88,20,4,1,0,2,1,67.27
Spotted Deer,80.62,19,0,2,2,1,1,59.94
Asian Elephant,61.34,19,5,1,2,1,1,68.64
Spotted Deer,84.92,18,5,0,1,0,2,54.02
Spotted Deer,63.18,19,6,2,0,0,2,69.41
Leopard,76.97,11,2,2,0,2,2,62.28
Wild Boar,71.41,3,4,1,0,1,2,46.8
Tiger,81.27,8,4,0,1,0,2,50.96
Wild Boar,65.2,20,3,2,2,2,0,69.99
Leopard,86.97,19,0,1,0,0,0,42.12
Leopard,91.01,10,2,0,0,0,2,39.58
Leopard,66.37,16,1,0,0,2,0,37.44
Asian Elephant,64.07,5,2,0,0,2,2,43.49
Wild Boar,65.68,20,5,0,1,2,0,58.8
Wild Boar,94.21,9,2,2,2,2,0,62.17
Spotted Deer,80.6,8,3,2,0,2,1,56.46
Spotted Deer,78.22,11,2,0,0,2,2,41.92
Spotted Deer,64.16,16,3,1,2,1,0,54.32
Leopard,85.33,7,5,1,1,2,0,57.73
Wild Boar,93.85,15,3,0,1,1,1,51.48
Leopard,92.3,20,6,0,1,0,0,58.75
Asian Elephant,84.42,17,6,1,1,0,1,66.94
Spotted Deer,62.94,6,4,0,0,2,0,30.68
Leopard,64.38,15,1,0,2,0,1,43.8
Leopard,61.92,8,5,2,2,2,1,76.16
Asian Elephant,70.04,7,3,2,2,2,2,74.54
Tiger,65.29,2,0,0,1,1,2,35.87
Wild Boar,70.14,13,5,0,1,0,0,42.05
Tiger,75.02,6,0,2,2,2,2,66.3
Spotted Deer,96.78,5,1,0,0,0,2,26.76
Leopard,83.8,20,3,2,1,1,2,78.78
Asian Elephant,92.56,1,5,2,0,0,0,47.04
Asian Elephant,87.7,18,5,1,2,1,0,71.91
Wild Boar,64.39,15,1,2,1,1,2,59.93
Tiger,88.7,10,4,1,0,1,2,62.9
Wild Boar,70.73,3,0,1,1,2,0,31.36
Leopard,84.93,5,5,2,2,2,2,78.19
Wild Boar,73.3,13,2,0,2,0,1,41.98
Asian Elephant,98.91,8,0,2,2,2,0,65.0
Asian Elephant,70.28,2,3,1,0,2,0,42.12
Spotted Deer,70.89,9,1,2,1,0,1,39.56
Spotted Deer,96.3,17,0,2,1,1,2,56.92
Leopard,60.96,18,2,1,1,1,1,52.8
Tiger,87.17,13,6,2,2,0,2,81.2
Wild Boar,88.29,1,2,2,0,2,2,51.6
Leopard,92.62,12,1,1,2,0,0,44.06
Spotted Deer,98.0,20,1,0,2,0,0,40.27
Wild Boar,98.05,20,6,1,0,2,2,81.05
Spotted Deer,62.55,5,0,1,2,0,1,30.43
Wild Boar,92.05,8,3,2,2,2,0,65.53
Tiger,85.21,15,4,1,1,2,2,73.93
Leopard,85.25,3,2,2,0,0,0,36.14
Wild Boar,65.01,6,1,2,0,1,0,35.1
Asian Elephant,85.36,13,4,2,1,2,0,70.47
Asian Elephant,98.32,12,4,1,0,1,1,57.38
Wild Boar,95.56,19,4,1,1,2,1,74.94
Wild Boar,77.13,18,3,2,2,1,2,75.85
Wild Boar,61.56,1,1,0,0,0,1,14.45
Asian Elephant,74.13,7,2,0,0,2,2,46.07
Asian Elephant,92.23,12,1,1,2,0,2,56.61
Wild Boar,87.36,10,0,2,2,0,0,46.51
Spotted Deer,77.91,12,2,2,0,0,0,38.84
Spotted Deer,62.15,11,1,1,0,2,1,39.83
Tiger,76.65,4,2,0,0,0,2,33.47
Leopard,78.29,19,0,1,1,0,2,52.31
Spotted Deer,96.21,6,5,1,0,2,0,44.75
Asian Elephant,85.0,9,2,2,0,0,0,46.27
Spotted Deer,72.15,20,5,1,2,2,0,71.26
Tiger,80.49,10,4,0,2,0,1,54.83
Tiger,62.58,5,6,1,1,1,2,63.91
Leopard,97.93,13,3,2,2,0,2,70.61
Spotted Deer,74.04,9,0,0,0,1,2,29.8
Asian Elephant,78.64,2,2,2,0,2,0,44.15
Asian Elephant,73.86,18,0,1,1,1,1,54.55
Wild Boar,86.62,1,4,1,2,2,1,52.48
Asian Elephant,85.83,12,5,1,2,0,0,58.57
Leopard,87.9,10,3,2,2,1,1,65.45
Leopard,70.46,2,0,1,1,0,1,32.33
Asian Elephant,72.31,9,5,0,2,1,2,64.39
Asian Elephant,64.88,2,4,0,2,2,0,47.09
Wild Boar,85.56,14,4,2,2,2,0,76.44
Asian Elephant,61.55,11,4,2,0,2,0,59.55
Wild Boar,83.31,11,6,2,1,2,0,72.25
Wild Boar,93.92,17,5,1,0,0,2,59.32
Asian Elephant,94.74,4,2,0,1,0,1,34.48
Tiger,77.51,13,1,0,2,0,1,45.8
Tiger,77.91,7,0,0,0,0,2,29.46
Wild Boar,63.0,16,6,2,2,0,1,73.9
Asian Elephant,86.16,1,1,2,2,2,0,48.75
Tiger,92.03,13,4,1,1,0,2,65.94
Asian Elephant,69.54,1,1,2,2,0,2,49.69
Asian Elephant,76.43,11,5,0,0,0,0,38.2
Asian Elephant,92.71,6,4,1,1,2,0,57.51
Spotted Deer,94.21,20,6,2,1,2,0,80.31
Asian Elephant,69.48,3,4,2,0,2,1,59.33
Spotted Deer,81.47,12,3,0,2,2,0,46.13
Wild Boar,67.51,5,3,1,2,0,2,51.8
Tiger,63.97,9,6,2,2,0,1,71.0
Tiger,95.53,12,5,2,2,1,1,82.48
Tiger,92.0,10,5,1,2,0,2,70.71
Tiger,89.64,19,1,1,1,2,1,62.68
Tiger,61.9,5,6,2,1,2,0,66.76
Tiger,92.91,5,0,2,0,0,0,34.57
Tiger,77.08,9,6,0,2,1,0,56.64
Wild Boar,73.35,20,1,1,2,2,0,58.9
Asian Elephant,81.31,17,5,2,2,1,1,81.95
Leopard,63.56,10,0,2,0,2,2,56.27
Spotted Deer,89.51,1,6,2,2,2,1,66.73
Leopard,82.71,16,1,2,1,0,2,63.67
Leopard,67.28,15,2,0,2,2,2,58.19
Asian Elephant,67.34,17,2,1,0,1,0,45.43
Asian Elephant,67.19,20,0,2,1,1,1,65.02
Asian Elephant,62.22,13,3,1,1,0,0,43.5
Tiger,82.92,1,0,1,1,2,1,45.94
Wild Boar,92.77,8,1,2,2,1,1,57.48
Tiger,60.68,5,4,2,0,0,0,45.28
Wild Boar,61.91,6,2,2,0,1,1,46.78
Wild Boar,82.34,20,4,0,2,0,0,54.79
Leopard,91.96,14,2,2,0,1,2,66.43
Leopard,72.74,11,1,1,1,2,0,46.97
Wild Boar,73.63,6,2,1,1,1,1,44.2
Wild Boar,83.26,11,0,0,0,1,1,30.48
Tiger,70.69,13,4,2,0,0,2,62.48
Tiger,61.04,12,5,2,2,0,2,76.14
Leopard,88.67,2,4,0,2,0,2,47.68
Asian Elephant,84.4,3,1,0,2,1,0,30.72
Wild Boar,82.65,4,5,2,2,0,0,57.79
Tiger,88.93,17,4,2,2,2,1,86.34
Leopard,86.33,6,6,1,2,0,2,64.48
Tiger,68.03,7,1,2,1,0,2,54.03
Wild Boar,73.75,15,6,2,0,2,0,67.71
Wild Boar,64.92,11,3,1,2,0,1,51.53
Spotted Deer,65.06,3,0,1,1,0,2,31.92
Asian Elephant,86.37,6,2,1,0,1,0,39.35
Spotted Deer,93.49,2,6,1,0,1,0,40.82
Leopard,97.55,14,2,0,0,0,2,42.42
Tiger,84.51,9,2,1,2,2,2,66.88
Leopard,67.18,18,3,0,2,0,1,54.54
Wild Boar,64.12,19,0,1,2,0,2,53.92
Spotted Deer,91.7,12,4,1,0,0,0,41.02
Spotted Deer,82.57,13,6,1,0,1,2,60.83
Spotted Deer,84.11,12,4,2,1,2,2,69.56
Leopard,90.48,12,0,0,1,2,1,46.11
Wild Boar,87.43,18,5,1,1,2,0,66.07
Tiger,92.54,9,0,2,1,1,2,59.36
Tiger,62.19,17,2,0,0,1,0,38.5
Leopard,89.15,16,4,0,2,0,1,55.2
Spotted Deer,93.18,17,0,2,2,1,0,56.05
Asian Elephant,71.16,8,4,0,2,0,2,54.86
Leopard,84.98,11,0,2,2,1,2,65.39
Leopard,72.25,2,1,1,1,0,1,35.59
Wild Boar,97.36,8,6,2,0,1,1,64.08
Tiger,61.3,12,2,0,2,2,1,57.16
Leopard,82.61,1,0,0,0,0,0,15.0
Leopard,66.49,13,3,1,1,1,0,48.59
Spotted Deer,87.78,17,0,2,1,1,0,48.95
Spotted Deer,66.86,14,1,1,2,0,0,38.46
Asian Elephant,69.18,14,3,2,2,1,1,66.43
Wild Boar,79.28,16,3,2,1,2,0,66.12
Asian Elephant,95.68,17,0,2,1,0,0,50.15
Spotted Deer,68.26,6,1,1,0,0,0,22.99
Tiger,65.63,7,3,1,1,0,0,40.7
Spotted Deer,89.6,1,6,0,0,0,1,33.45
Wild Boar,79.52,15,2,1,1,0,1,48.89
Spotted Deer,95.56,20,5,2,0,2,2,75.78
Wild Boar,65.72,18,2,2,1,0,2,61.76
Wild Boar,85.19,13,4,2,1,2,0,67.28
Wild Boar,69.08,2,4,1,0,2,0,43.04
Wild Boar,66.11,19,1,0,0,2,1,45.15
Wild Boar,86.65,15,3,1,2,0,2,64.73
Tiger,83.15,12,2,0,2,2,0,54.71
Asian Elephant,89.44,15,2,1,1,0,2,59.08
Leopard,72.07,18,5,2,1,2,2,86.45
Asian Elephant,77.47,14,1,0,0,0,2,39.02
Wild Boar,75.81,6,6,1,1,1,1,55.55
Tiger,98.38,12,3,2,2,1,0,72.06
Spotted Deer,71.4,20,1,0,0,2,0,39.33
Tiger,71.5,6,0,0,1,1,1,34.34
Wild Boar,73.83,9,2,2,0,2,1,55.67
Tiger,82.02,4,1,2,2,2,1,62.95
Tiger,69.84,17,1,1,2,2,2,69.39
Wild Boar,95.7,2,5,1,2,1,2,62.07
Tiger,70.36,16,6,2,1,2,0,81.98
Leopard,94.94,14,0,1,1,1,0,44.97
Leopard,64.04,8,4,2,1,1,2,66.6
Tiger,85.61,14,2,2,1,0,2,68.47
Spotted Deer,95.37,2,5,1,1,1,1,48.68
Wild Boar,66.58,16,6,1,1,0,2,64.48
Leopard,97.76,4,6,0,2,2,0,58.07
Spotted Deer,77.66,1,1,0,2,2,0,28.48
Tiger,96.88,20,2,1,1,0,1,58.11
Spotted Deer,86.4,14,4,1,2,2,1,67.82
Asian Elephant,71.76,8,6,1,0,0,0,46.5
Leopard,67.34,3,1,0,1,0,2,25.3
Tiger,71.85,5,6,1,0,2,2,66.53
Wild Boar,63.63,6,0,0,1,0,0,19.0
Tiger,65.61,8,6,0,1,0,2,59.62
Wild Boar,64.08,6,2,0,2,0,2,40.18
Tiger,76.49,6,6,0,0,2,0,52.25
Spotted Deer,91.03,4,6,2,2,2,0,67.27
Spotted Deer,65.51,7,5,1,1,2,1,53.69
Spotted Deer,65.08,19,0,1,0,2,0,40.85
Asian Elephant,85.09,7,4,2,1,2,1,68.22
Wild Boar,67.69,3,4,1,2,1,1,50.44
Spotted Deer,63.81,8,2,0,1,1,2,37.12
Asian Elephant,66.51,1,4,2,1,0,0,43.86
Wild Boar,96.03,1,3,0,2,1,2,47.6
Tiger,92.04,14,5,2,1,2,0,76.76
Asian Elephant,73.81,6,2,0,0,2,0,33.34
Leopard,85.58,10,6,1,2,2,2,79.36
Asian Elephant,80.95,14,3,1,1,0,1,50.43
Asian Elephant,86.41,4,4,1,2,0,0,46.2
Wild Boar,86.62,6,6,2,1,0,1,60.83
Tiger,84.52,16,2,1,2,0,2,68.65
Leopard,70.38,1,3,2,2,0,2,57.6
Spotted Deer,61.52,6,4,0,0,0,0,20.57
Spotted Deer,77.77,9,1,1,2,1,2,53.34
Asian Elephant,94.75,15,1,0,0,2,0,42.78
Wild Boar,82.21,12,0,1,2,1,0,42.08
Wild Boar,92.46,3,1,0,2,0,0,27.34
Spotted Deer,98.67,11,3,2,1,2,0,60.93
Leopard,66.38,15,5,1,1,2,0,61.72
Tiger,86.98,3,1,2,1,2,2,59.72
Leopard,86.3,14,2,2,2,1,0,66.65
Tiger,98.22,2,2,0,2,2,1,51.16
Spotted Deer,98.44,4,2,1,0,0,0,25.15
Tiger,86.78,19,1,2,0,0,0,52.55
Wild Boar,69.5,12,6,0,0,1,0,45.79
Asian Elephant,91.14,2,1,0,1,1,2,38.94
Asian Elephant,64.17,17,0,0,1,0,1,40.23
Spotted Deer,90.45,3,5,1,0,1,1,44.27
Wild Boar,95.5,10,6,1,2,2,1,75.38
Leopard,74.93,16,5,0,1,1,2,63.75
Wild Boar,84.59,9,6,1,1,2,2,71.58
Asian Elephant,76.78,11,6,0,0,2,0,54.94
Asian Elephant,77.07,15,4,1,1,2,2,74.85
Wild Boar,72.1,3,0,1,0,2,1,30.78
Wild Boar,89.72,16,3,0,1,2,1,56.77
Asian Elephant,96.51,12,2,0,2,0,2,57.45
Leopard,96.69,5,1,1,2,0,2,48.64
Spotted Deer,66.82,7,4,0,1,0,1,35.12
Spotted Deer,94.12,9,4,0,0,2,1,47.2
Wild Boar,88.76,18,6,0,1,1,1,61.47
Spotted Deer,69.86,8,1,0,0,1,1,24.85
Asian Elephant,62.62,12,0,1,1,2,1,46.69
Asian Elephant,70.45,20,4,2,2,1,2,84.88
Wild Boar,95.58,2,5,1,2,2,2,68.5
Wild Boar,84.69,10,0,0,1,1,0,31.45
Wild Boar,88.12,19,1,0,1,2,0,51.09
Leopard,70.03,9,6,1,1,1,0,56.91
Spotted Deer,88.06,8,0,0,2,1,2,37.29
Wild Boar,61.1,1,6,1,2,0,0,43.88
Tiger,74.64,6,5,2,0,1,0,55.02
Tiger,84.44,12,2,0,1,1,2,54.22
Asian Elephant,65.7,19,6,2,1,2,1,89.43
Spotted Deer,92.1,17,6,2,2,1,2,83.97
Wild Boar,69.17,2,1,0,1,1,2,36.26
Tiger,85.44,11,5,0,0,1,1,52.7
Spotted Deer,75.8,18,1,1,1,1,0,41.54
Asian Elephant,83.25,11,5,1,2,1,2,71.51
Leopard,64.19,18,5,0,1,0,2,57.75
Spotted Deer,60.66,8,4,1,2,1,1,51.67
Spotted Deer,95.47,15,4,2,0,2,2,71.69
Leopard,70.52,9,4,2,0,2,0,56.36
Spotted Deer,91.97,15,2,0,1,1,1,45.35
Asian Elephant,98.97,7,2,1,1,1,2,58.26
Asian Elephant,68.25,20,5,0,2,1,0,62.2
Leopard,70.34,13,3,2,0,0,0,50.16
Wild Boar,85.85,13,1,0,0,2,2,42.76
Tiger,97.65,1,4,0,0,0,0,26.44
Wild Boar,95.72,20,1,0,0,0,1,41.58
Spotted Deer,79.61,4,6,0,1,1,0,38.67
Tiger,91.01,4,5,2,1,1,1,71.05
Leopard,65.29,4,0,0,2,2,1,38.49
Leopard,98.12,13,5,0,0,1,1,51.55
Tiger,97.61,2,2,1,1,2,2,61.36
Asian Elephant,66.39,15,3,0,1,0,0,42.13
Tiger,71.68,4,0,1,0,2,2,48.09
Spotted Deer,63.91,6,1,0,1,2,2,36.66
Asian Elephant,70.6,3,2,1,2,2,1,54.25
Leopard,91.82,7,4,0,2,0,2,51.66
Tiger,74.75,6,0,1,0,0,0,23.9
Wild Boar,63.45,3,2,0,2,1,2,43.59
Wild Boar,73.35,4,1,0,1,1,2,35.13
Spotted Deer,98.27,10,5,1,2,2,1,65.08
Wild Boar,84.56,9,1,0,1,2,1,39.71
Tiger,76.23,6,0,0,0,0,2,30.45
Tiger,66.5,20,0,0,0,0,1,37.96
Wild Boar,98.46,11,5,0,1,0,2,53.63
Tiger,92.01,7,0,2,1,2,0,51.76
Spotted Deer,70.98,18,3,0,2,2,0,53.94
Asian Elephant,62.73,4,4,2,1,0,1,47.72
Spotted Deer,62.21,5,2,2,0,2,0,41.21
Spotted Deer,64.69,4,5,0,1,0,0,30.2
Tiger,82.65,4,1,1,2,1,2,52.28
Asian Elephant,96.22,13,1,1,2,0,1,49.61
Tiger,79.37,16,4,0,1,2,0,59.99
Leopard,92.87,14,0,2,2,2,1,64.87
Tiger,77.39,11,0,1,2,2,1,60.88
Tiger,87.63,2,1,0,0,2,1,40.11
Tiger,88.54,14,4,0,1,0,0,48.85
Asian Elephant,66.78,7,1,2,0,0,1,41.0
Tiger,74.09,11,0,1,0,1,1,41.87
Asian Elephant,84.85,4,5,0,2,0,2,50.44
Wild Boar,62.76,7,2,1,0,1,2,42.95
Leopard,74.1,16,0,0,1,0,2,40.89
Asian Elephant,80.86,6,5,0,1,0,2,49.07
Wild Boar,98.85,6,2,0,1,2,1,45.43
Asian Elephant,78.51,2,6,2,0,1,2,64.64
Asian Elephant,91.83,8,3,2,1,2,2,73.65
Leopard,76.85,7,4,2,1,2,0,60.61
Spotted Deer,91.06,14,5,1,0,0,2,56.35
Spotted Deer,83.22,9,3,2,0,0,2,49.99
Asian Elephant,94.58,15,0,2,0,1,0,50.63
Tiger,76.03,18,6,1,0,1,1,69.4
Wild Boar,83.57,12,4,1,2,0,1,61.41
Tiger,84.57,19,5,1,0,1,0,58.43
Tiger,76.28,13,6,1,0,0,0,55.84
Asian Elephant,65.63,7,0,2,1,0,1,44.43
Asian Elephant,63.65,10,4,2,1,0,2,61.27
Asian Elephant,60.65,10,4,1,0,1,0,49.57
Asian Elephant,94.07,2,0,2,0,2,0,41.41
Spotted Deer,69.22,14,0,0,0,1,0,22.93
Asian Elephant,68.25,13,6,2,1,2,1,79.8
Spotted Deer,88.71,6,6,0,1,1,1,49.46
Spotted Deer,72.48,9,5,1,0,2,1,53.03
Asian Elephant,79.74,13,4,1,1,2,1,66.56
Leopard,66.34,9,5,2,1,1,1,67.15
Wild Boar,97.43,13,6,1,0,1,2,69.24
Tiger,93.21,5,4,2,1,2,2,75.26
Spotted Deer,93.69,14,5,2,0,0,1,54.89
Wild Boar,75.86,5,0,2,2,2,1,52.0
Leopard,89.73,9,0,2,2,2,1,63.98
Tiger,65.61,8,1,0,2,0,0,33.5
Tiger,60.34,7,6,0,1,2,0,52.85
Spotted Deer,60.78,8,5,1,2,0,1,51.15
Asian Elephant,82.88,3,1,0,1,0,1,29.9
Leopard,77.76,15,1,1,0,1,0,41.67
Spotted Deer,80.2,8,3,1,2,2,0,52.58
Leopard,60.29,1,4,2,1,2,0,50.83
Asian Elephant,76.48,7,2,2,2,0,0,47.32
Asian Elephant,88.0,19,3,2,1,2,0,75.6
Spotted Deer,77.27,2,6,2,1,0,1,49.97
Asian Elephant,88.56,14,4,2,0,2,1,68.04
Wild Boar,69.09,18,2,2,1,2,0,62.18
Tiger,91.71,15,1,0,1,0,1,44.34
Spotted Deer,82.95,14,2,1,2,0,0,43.15
Leopard,68.22,19,0,1,0,2,0,46.1
Wild Boar,69.23,19,6,2,1,2,0,74.34
Spotted Deer,84.49,17,0,0,2,0,1,39.57
Asian Elephant,92.37,19,5,2,0,1,1,71.76
Asian Elephant,76.21,16,4,0,1,1,1,56.46
Asian Elephant,70.07,20,3,0,2,2,1,66.76
Asian Elephant,93.81,19,6,1,0,2,2,82.13
Leopard,86.1,1,1,1,0,2,0,34.63
Wild Boar,77.48,19,6,0,0,0,0,46.06
Tiger,79.03,7,4,1,0,2,1,56.45
Leopard,67.97,11,1,0,1,2,1,42.95
Leopard,84.45,5,0,0,1,2,2,38.99
Tiger,73.99,17,6,0,0,1,0,56.66
Tiger,98.83,11,3,1,0,2,0,53.96
Asian Elephant,78.73,8,3,2,1,2,1,65.7
Leopard,78.95,10,0,1,2,0,1,43.71
Spotted Deer,82.07,12,2,2,0,1,2,52.22
Tiger,95.75,10,3,1,1,0,0,46.68
Tiger,91.23,13,2,1,1,2,2,67.5
Wild Boar,77.59,18,1,2,2,2,0,62.96
Spotted Deer,88.03,10,3,0,1,2,1,48.57
Spotted Deer,82.86,19,5,2,0,2,2,79.29
Tiger,79.2,20,0,0,1,2,1,56.03
Asian Elephant,67.5,17,6,0,0,0,0,48.66
Wild Boar,78.09,20,2,1,1,2,0,58.61
Spotted Deer,69.59,16,5,1,0,2,2,62.3
Tiger,95.68,5,1,1,0,1,1,44.06
Spotted Deer,73.08,3,1,1,1,1,0,31.25
Wild Boar,97.14,15,3,1,0,2,0,53.58
Wild Boar,80.79,2,3,2,1,2,2,61.59
Leopard,84.63,13,5,2,1,2,2,80.21
Tiger,81.17,8,4,2,1,2,1,70.39
Wild Boar,65.05,17,4,2,0,2,2,70.47
Leopard,74.66,4,3,1,1,2,0,46.8
Leopard,63.87,19,4,2,2,0,1,72.69
Spotted Deer,84.3,9,0,2,0,0,1,35.77
Spotted Deer,77.43,15,5,0,2,0,1,52.4
Leopard,90.34,9,0,1,2,1,0,39.51
Spotted Deer,68.6,9,4,2,2,2,2,71.53
Wild Boar,66.42,14,3,2,2,1,1,68.05
Asian Elephant,75.85,16,0,2,1,1,0,53.01
Wild Boar,96.14,17,1,1,2,1,2,66.74
Leopard,87.71,13,6,2,0,0,1,65.35
Leopard,76.34,9,3,0,2,2,2,60.89
Wild Boar,80.17,15,5,1,2,2,2,76.75
Spotted Deer,63.28,7,2,0,2,1,2,43.26
Spotted Deer,98.4,1,2,1,1,0,0,29.66
Leopard,85.99,1,3,2,2,1,1,56.9
Tiger,71.13,5,4,1,2,1,1,56.4
Spotted Deer,82.85,9,0,1,2,2,1,46.53
Wild Boar,64.27,12,0,1,0,0,0,25.05
Spotted Deer,97.67,6,3,0,1,2,2,50.03
Wild Boar,66.82,13,1,1,1,1,0,40.73
Leopard,85.27,8,5,2,1,2,1,73.34
Spotted Deer,69.57,15,4,1,0,1,2,51.93
Wild Boar,87.98,6,1,1,2,0,0,35.76
Leopard,90.3,6,3,2,0,2,0,52.36
Tiger,86.26,4,3,2,1,2,0,59.92
Wild Boar,83.97,11,1,0,1,2,0,35.25
Tiger,94.81,18,2,2,1,2,2,80.58
Tiger,63.07,3,3,2,0,2,0,49.66
Asian Elephant,72.91,3,5,2,1,0,2,62.04
Spotted Deer,69.68,12,6,1,2,0,0,53.84
Wild Boar,98.53,6,4,0,0,2,1,44.36
Tiger,75.19,6,1,2,2,1,0,48.76
Asian Elephant,88.57,8,2,2,1,1,0,51.79
Leopard,86.7,15,1,2,1,2,1,63.22
Wild Boar,68.27,18,2,1,0,2,2,57.81
Tiger,69.32,20,2,1,2,0,0,55.89
Spotted Deer,70.97,16,5,0,0,0,0,38.71
Asian Elephant,76.03,6,4,0,2,2,1,53.85
Tiger,69.14,17,3,1,1,2,2,68.96
Spotted Deer,60.77,9,2,2,0,1,1,42.61
Tiger,94.3,19,3,2,0,0,0,59.84
Wild Boar,97.66,18,4,0,2,2,2,72.47
Wild Boar,73.32,5,3,2,1,0,0,42.39
Wild Boar,73.2,6,5,1,1,2,1,58.37
Asian Elephant,60.28,12,5,0,2,2,0,59.13
Wild Boar,86.53,11,0,1,2,2,1,52.16
Spotted Deer,92.19,16,5,1,2,2,1,74.3
Tiger,65.72,20,2,2,2,1,2,79.03
Leopard,66.23,17,4,1,2,2,1,74.59
Spotted Deer,90.81,20,5,1,1,1,2,71.64
Spotted Deer,84.04,9,1,2,1,1,2,50.89
Wild Boar,61.75,1,4,1,0,2,2,45.15
Asian Elephant,84.28,3,2,2,1,0,2,54.91
Tiger,72.05,9,4,1,2,0,2,61.55
Asian Elephant,74.38,19,5,2,1,2,1,82.32
Tiger,90.02,13,1,2,1,2,1,65.98
Tiger,91.63,14,0,0,1,2,2,57.74
Asian Elephant,75.61,20,2,1,0,0,1,51.02
Spotted Deer,96.94,19,6,1,0,0,2,61.48
Tiger,75.85,7,2,0,2,2,1,52.17
Asian Elephant,90.1,4,4,2,2,0,2,68.44
Tiger,78.87,12,6,2,0,1,0,64.68
Leopard,95.0,14,6,0,1,0,0,49.36
Spotted Deer,95.4,2,3,0,1,0,2,36.0
Wild Boar,63.41,1,6,2,0,2,1,56.48
Tiger,96.52,18,3,2,2,1,2,81.28
Leopard,92.2,20,6,0,1,2,1,71.24
Wild Boar,90.86,8,1,1,2,0,2,50.23
Wild Boar,67.84,3,0,2,1,1,2,46.78
Tiger,91.4,6,0,0,2,2,1,47.71
Asian Elephant,93.16,13,6,1,1,0,1,62.59
Tiger,71.28,9,4,1,2,1,2,69.97
Leopard,97.14,9,4,1,2,2,0,64.96
Wild Boar,61.94,20,3,1,2,1,0,60.61
Tiger,65.85,9,5,0,0,0,0,36.21
Asian Elephant,80.97,15,0,2,2,2,0,61.39
Tiger,82.46,13,5,1,0,0,0,52.61
Spotted Deer,85.16,16,0,1,0,1,1,40.82
Asian Elephant,60.66,2,5,0,2,0,0,36.66
Leopard,97.45,14,5,1,0,1,1,65.4
Wild Boar,61.74,6,0,0,0,2,0,22.88
Tiger,65.58,2,1,0,0,0,1,24.88
Asian Elephant,60.55,8,1,2,1,2,0,48.86
Spotted Deer,82.11,4,4,1,2,2,0,51.02
Asian Elephant,96.36,14,5,2,0,2,1,72.74
Spotted Deer,85.97,11,5,0,2,2,1,59.24
Leopard,92.08,14,5,1,0,0,2,62.14
Wild Boar,60.52,12,5,0,2,0,0,46.71
Leopard,81.14,16,5,0,0,2,0,52.84
Tiger,77.92,6,3,0,1,2,1,46.6
Asian Elephant,79.46,20,2,1,1,1,1,62.25
Spotted Deer,62.82,1,5,0,1,2,0,35.17
Spotted Deer,86.69,12,3,0,0,1,0,32.56
Asian Elephant,79.63,7,1,1,2,1,1,48.45
Asian Elephant,89.84,8,5,2,0,2,1,68.32
Tiger,78.93,9,1,0,1,0,0,31.69
Leopard,65.83,2,4,2,0,1,1,52.13
Spotted Deer,85.28,17,2,2,2,0,1,55.81
Tiger,66.72,20,0,2,1,2,0,60.16
Leopard,94.02,13,2,2,0,2,2,68.89
Tiger,83.91,5,5,2,2,2,1,72.27
Spotted Deer,66.13,10,5,2,1,2,2,68.95
Asian Elephant,97.53,12,2,1,2,1,1,65.67
Asian Elephant,80.22,17,2,1,2,1,2,68.14
Leopard,62.84,6,4,2,1,0,1,55.04
Wild Boar,84.45,3,6,1,0,0,2,47.21
Leopard,69.87,15,1,1,0,1,2,52.44
Wild Boar,91.34,7,0,2,0,2,1,47.2
Tiger,91.9,6,6,2,0,0,2,67.61
Tiger,98.18,4,2,0,2,1,0,43.62
Spotted Deer,79.57,19,0,1,0,0,0,30.92
Wild Boar,77.74,5,2,2,0,1,0,41.85
Spotted Deer,89.39,3,1,1,2,2,2,48.3
Asian Elephant,65.17,9,0,1,2,1,1,47.21
Wild Boar,81.33,6,6,1,1,0,2,59.21
Leopard,81.3,13,3,0,2,1,1,53.59
Asian Elephant,63.49,20,1,2,1,0,2,61.8
Asian Elephant,76.3,4,6,1,1,0,1,52.62
Leopard,93.28,2,0,2,0,0,2,42.39
Asian Elephant,93.39,4,2,1,0,2,2,54.26
Wild Boar,63.87,8,6,2,0,2,0,61.96
Spotted Deer,63.54,13,2,2,2,1,2,66.14
Asian Elephant,70.25,10,1,2,2,1,0,54.66
Wild Boar,94.12,18,1,1,0,0,1,45.56
Tiger,65.03,9,6,0,0,2,1,52.66
Wild Boar,88.08,1,2,2,2,1,0,46.45
Spotted Deer,63.95,13,0,0,1,1,2,37.53
Wild Boar,84.3,18,6,2,1,2,1,84.85
Leopard,73.89,15,3,0,0,0,2,43.19
Spotted Deer,90.77,2,4,2,0,1,2,52.09
Tiger,69.11,11,1,0,0,0,2,41.82
Leopard,84.93,14,2,2,1,2,1,67.69
Wild Boar,69.19,15,0,2,0,2,1,56.07
Spotted Deer,87.83,14,1,0,1,1,2,44.6
Tiger,94.07,16,0,2,2,1,0,63.49
Leopard,64.95,15,1,1,2,2,0,53.65
Tiger,93.8,19,2,2,2,0,0,63.78
Wild Boar,83.15,9,0,2,0,0,2,45.41
Tiger,64.96,5,2,1,2,2,0,52.42
Asian Elephant,76.67,5,0,1,1,1,1,39.76
Leopard,66.27,11,1,1,1,2,0,43.98
Tiger,87.31,20,4,0,1,1,0,58.12
Wild Boar,89.6,4,4,1,0,0,2,44.39
Wild Boar,64.13,20,6,0,0,1,1,56.49
Tiger,79.74,18,3,1,1,0,1,60.49
Wild Boar,91.77,3,3,0,1,2,0,40.49
Spotted Deer,96.51,4,6,1,1,1,2,59.75
Spotted Deer,80.03,14,6,1,1,0,2,62.46
Spotted Deer,97.06,7,5,2,2,1,0,61.65
Asian Elephant,80.89,8,2,1,1,0,1,44.5
Tiger,75.37,16,0,2,0,0,1,48.31
Asian Elephant,93.08,20,3,1,0,2,1,66.83
Wild Boar,79.23,15,1,1,0,2,2,56.79
Asian Elephant,78.4,7,6,2,0,1,0,59.13
Wild Boar,79.12,17,4,2,0,0,2,62.94
Wild Boar,93.02,12,0,0,1,2,1,40.84
Leopard,92.45,18,5,2,1,1,2,80.92
Spotted Deer,75.74,14,4,0,2,2,1,55.06
Wild Boar,73.0,15,6,1,2,1,0,71.95
Leopard,79.19,15,0,2,2,2,1,64.7
Spotted Deer,82.34,5,6,2,1,2,0,60.79
Wild Boar,69.3,16,3,1,2,0,2,61.52
Wild Boar,90.96,5,3,1,1,0,2,51.3
Asian Elephant,78.97,2,2,1,0,2,2,49.46
Asian Elephant,73.03,20,5,1,1,0,1,66.69
Spotted Deer,64.17,9,0,2,1,2,0,42.88
Wild Boar,69.31,9,5,1,0,1,2,56.91
Tiger,97.02,4,1,1,0,2,2,52.22
Asian Elephant,71.9,15,5,2,0,2,0,66.94
Spotted Deer,66.59,11,6,0,2,1,1,53.01
Wild Boar,77.97,1,6,2,2,1,2,70.42
Wild Boar,71.98,18,3,0,2,0,1,50.46
Tiger,61.37,1,2,1,0,1,1,37.71
Spotted Deer,72.6,8,6,2,2,0,1,60.46
Wild Boar,81.22,16,3,1,0,2,2,60.27
Asian Elephant,81.52,18,4,2,0,1,2,71.53
Tiger,73.91,9,3,0,0,2,0,42.64
Spotted Deer,77.44,12,0,2,2,0,0,39.01
Tiger,97.66,19,2,1,2,1,1,73.89
Asian Elephant,74.72,18,6,2,0,0,2,78.79
Spotted Deer,70.07,5,0,1,2,0,1,33.56
Tiger,69.5,2,1,2,1,1,0,42.81
Leopard,77.85,7,1,0,2,1,1,40.65
Asian Elephant,89.62,10,3,2,0,0,1,54.39
Asian Elephant,68.03,15,2,2,0,1,2,63.89
Asian Elephant,87.66,7,5,2,0,0,1,57.81
Leopard,60.82,5,2,2,1,2,1,53.15
Leopard,76.34,15,2,0,0,2,2,52.38
Wild Boar,90.26,20,2,1,0,1,2,61.11
Tiger,73.21,20,3,2,2,1,0,68.97
Wild Boar,81.99,15,0,2,1,2,2,62.61
Tiger,67.99,10,3,2,2,0,1,64.08
Leopard,88.94,14,5,0,0,0,0,42.75
Leopard,62.04,10,0,1,0,0,0,26.14
Wild Boar,93.25,17,5,1,1,1,0,64.65
Spotted Deer,67.73,14,4,2,0,0,0,46.22
Wild Boar,94.1,2,4,2,1,1,1,55.76
Tiger,73.75,16,6,1,2,1,1,76.65
Wild Boar,88.18,13,6,2,1,1,1,73.06
Asian Elephant,72.45,9,0,2,2,2,1,58.93
Tiger,95.33,7,3,2,0,0,0,48.08
Tiger,64.94,16,5,0,2,1,1,63.02
Spotted Deer,66.96,10,5,0,2,0,0,39.89
Leopard,79.23,9,6,1,2,2,2,76.93
Tiger,63.2,7,6,0,1,0,1,49.87
Leopard,67.64,16,1,0,2,2,2,62.34
Wild Boar,96.81,9,5,1,1,1,2,65.4
Asian Elephant,98.08,17,3,0,1,1,1,57.09
Spotted Deer,74.67,20,1,1,1,2,0,51.18
Leopard,96.01,7,3,2,0,1,2,58.89
Tiger,81.25,11,2,1,0,0,1,46.29
Leopard,70.52,8,5,1,0,0,2,53.33
Tiger,87.39,7,2,1,1,2,2,61.59
Leopard,85.7,19,4,2,0,0,1,65.34
Tiger,98.58,20,4,2,2,1,2,90.93
Wild Boar,70.34,12,0,2,1,1,0,45.98
Tiger,86.21,7,5,1,0,1,0,53.52
Tiger,62.03,8,6,1,1,0,2,61.24
Asian Elephant,64.43,7,1,1,0,1,2,46.02
Tiger,60.15,6,2,1,2,0,1,43.98
Asian Elephant,98.98,9,3,1,1,2,0,57.82
Spotted Deer,91.29,13,5,1,0,1,2,59.51
Asian Elephant,90.68,7,0,1,0,2,0,36.51
Wild Boar,79.88,8,3,0,2,0,2,49.61
Asian Elephant,71.7,17,2,2,2,0,1,61.54
Spotted Deer,65.9,17,5,0,0,2,1,55.67
Wild Boar,71.1,16,6,2,0,1,0,68.94
Leopard,74.66,2,2,1,1,1,0,36.72
Leopard,89.5,8,5,0,1,1,2,55.39
Asian Elephant,81.05,17,5,1,0,2,2,72.71
Asian Elephant,63.02,13,2,0,2,0,2,52.0
Spotted Deer,60.7,18,2,0,1,2,0,42.11
Spotted Deer,63.99,10,3,1,0,0,1,30.14
Tiger,76.01,2,0,0,2,1,1,36.82
Spotted Deer,96.39,2,2,0,2,1,0,33.12
Tiger,84.86,14,4,2,0,0,1,63.55
Wild Boar,91.27,16,0,1,0,1,0,40.86
Asian Elephant,78.19,7,4,1,1,2,2,68.37
Wild Boar,74.1,12,3,0,0,0,0,30.39
Spotted Deer,64.23,14,2,1,1,1,1,50.15
Wild Boar,94.16,4,0,2,2,1,0,45.07
Wild Boar,90.54,4,6,2,1,1,0,62.17
Wild Boar,66.56,18,2,1,0,1,0,44.72
Spotted Deer,79.98,3,5,1,1,0,0,41.8
Wild Boar,79.01,1,2,2,2,0,1,48.4
Tiger,84.38,17,6,1,2,1,2,84.43
Spotted Deer,96.9,7,0,0,0,2,1,27.33
Wild Boar,82.61,16,2,1,1,2,1,60.48
Spotted Deer,81.07,5,2,0,0,2,2,35.73
Leopard,61.96,19,1,2,0,2,1,62.47
Tiger,62.45,7,1,1,2,0,2,51.47
Wild Boar,67.31,14,0,2,1,0,2,54.02
Leopard,61.27,2,0,1,0,2,0,29.74
Leopard,88.99,3,5,0,2,0,1,47.54
Spotted Deer,88.21,17,5,1,0,2,2,70.43
Leopard,65.31,16,2,2,1,1,1,65.23
Tiger,92.61,8,4,0,0,1,1,45.41
Tiger,66.04,18,0,1,1,2,2,66.8
Asian Elephant,71.75,15,6,2,2,0,0,73.96
Tiger,69.71,7,2,2,2,2,2,70.21
Leopard,74.52,9,4,1,0,0,0,36.94
Tiger,69.93,6,1,2,2,1,2,65.02
Spotted Deer,79.07,18,5,0,0,0,2,50.52
Asian Elephant,75.89,18,6,1,0,2,0,66.63
Leopard,98.48,14,0,0,1,1,0,38.56
Asian Elephant,62.18,14,2,2,0,1,1,58.32
Leopard,65.55,14,1,2,1,0,2,52.98
Spotted Deer,62.06,4,3,2,0,1,1,42.52
Asian Elephant,84.41,4,1,0,1,1,1,35.58
Wild Boar,62.13,15,2,2,2,0,0,56.93
Leopard,92.62,15,5,1,0,1,0,59.01
Wild Boar,79.97,18,4,1,1,2,1,70.03
Asian Elephant,80.55,14,6,2,0,0,0,60.75
Wild Boar,81.9,1,6,1,1,0,2,54.65
Wild Boar,66.66,10,3,0,1,0,0,31.88
Asian Elephant,67.71,20,6,0,0,0,0,50.77
Spotted Deer,72.43,10,3,2,0,2,2,60.74
Wild Boar,83.15,10,5,1,2,0,0,54.3
Wild Boar,68.19,2,3,1,2,2,1,53.18
Spotted Deer,64.54,8,0,2,2,0,1,44.21
Wild Boar,97.83,1,2,0,0,0,1,23.79
Wild Boar,60.86,1,6,2,2,1,0,56.03
Wild Boar,91.31,4,3,1,1,1,0,40.7
Tiger,90.73,7,1,1,0,2,0,41.52
Spotted Deer,71.59,9,4,2,1,1,1,60.03
Wild Boar,65.29,16,2,0,1,0,0,36.65
Spotted Deer,65.68,5,5,0,1,2,2,52.54
Leopard,87.2,2,6,2,0,1,0,56.27
Leopard,85.07,11,1,1,0,0,1,38.65
Wild Boar,90.53,18,0,0,2,1,2,57.17
Spotted Deer,96.56,19,3,2,2,1,2,75.31
Spotted Deer,86.99,13,1,1,2,1,1,54.32
Spotted Deer,66.08,11,2,0,2,1,2,46.69
Tiger,69.49,20,6,0,1,0,2,71.79
Leopard,92.85,19,1,2,0,1,2,63.45
Spotted Deer,68.16,17,0,1,2,2,2,57.68
Spotted Deer,62.83,5,4,0,1,2,2,43.49
Tiger,87.43,13,3,2,0,1,0,60.6
Tiger,75.7,20,2,0,0,2,1,56.19
Spotted Deer,95.88,1,6,1,0,1,1,50.13
Asian Elephant,85.36,10,3,0,1,0,0,37.28
Spotted Deer,63.53,8,3,1,2,0,0,41.63
Spotted Deer,96.97,8,5,0,0,2,1,47.57
Tiger,70.08,19,3,0,1,2,1,62.11
Tiger,73.15,6,1,2,0,1,0,42.44
Spotted Deer,75.69,12,1,0,1,1,0,28.65
Spotted Deer,62.0,7,4,1,2,1,2,56.84
Spotted Deer,79.36,16,0,2,2,0,0,46.91
Tiger,64.81,9,6,1,0,1,0,50.97
Spotted Deer,75.64,10,6,1,2,0,2,57.48
Spotted Deer,73.68,10,2,2,2,2,2,65.79
Wild Boar,90.14,10,1,1,1,0,1,44.02
Asian Elephant,91.32,20,3,0,1,2,1,64.46
Leopard,65.98,16,0,2,0,0,0,38.16
Asian Elephant,74.3,1,2,0,1,0,2,30.95
Wild Boar,74.56,17,6,0,2,1,2,73.18
Leopard,65.91,14,2,1,1,2,1,54.62
Spotted Deer,91.14,19,2,1,2,0,1,56.68
Wild Boar,87.58,17,6,0,0,0,0,48.67
Spotted Deer,67.42,14,2,2,2,2,2,72.89
Tiger,74.3,8,4,0,1,0,1,43.91
Wild Boar,64.13,9,2,0,1,2,0,40.07
Tiger,84.5,8,0,1,1,2,0,48.44
Wild Boar,64.73,13,1,1,1,2,0,43.77
Wild Boar,98.45,17,0,0,0,0,1,34.2
Tiger,90.45,19,3,0,2,0,1,59.82
Leopard,75.22,7,5,1,1,1,1,54.99
Asian Elephant,82.56,17,4,0,2,2,1,68.75
Spotted Deer,95.54,1,4,1,0,0,1,32.05
Wild Boar,81.61,5,3,0,2,0,2,45.53
Spotted Deer,66.81,6,6,2,1,2,2,74.22
Tiger,74.77,2,0,2,2,2,2,60.49
Spotted Deer,92.88,16,0,0,1,2,2,48.03
Tiger,85.12,5,3,1,1,1,0,50.55
Spotted Deer,85.38,5,6,0,0,1,0,38.77
Asian Elephant,93.81,12,5,0,0,1,2,56.77
Asian Elephant,94.86,3,2,1,2,2,1,58.01
Asian Elephant,95.87,16,6,0,2,0,2,64.69
Asian Elephant,63.7,6,2,1,1,2,2,53.63
Asian Elephant,81.22,15,1,0,1,0,0,38.19
Asian Elephant,88.88,15,0,1,1,1,1,50.18
Tiger,89.52,16,0,0,1,1,0,41.38
Wild Boar,83.66,20,3,2,0,1,1,63.18
Spotted Deer,66.5,13,3,1,1,0,0,37.16
Asian Elephant,91.1,12,2,2,0,0,2,52.66
Tiger,88.08,10,6,1,2,2,1,77.37
Tiger,63.36,14,0,1,2,2,0,54.86
Tiger,78.09,2,0,1,0,2,2,44.31
Wild Boar,66.79,3,4,1,1,1,0,40.04
Spotted Deer,73.16,9,1,0,2,2,0,34.16
Wild Boar,60.71,11,1,0,0,1,0,25.68
Leopard,75.61,11,2,1,2,0,2,53.51
Tiger,81.45,10,5,0,1,1,1,54.88
Leopard,84.16,14,6,1,0,1,0,58.86
Asian Elephant,85.88,9,0,1,2,1,2,53.07
Asian Elephant,92.62,20,4,2,1,0,0,70.09
Wild Boar,68.4,10,6,1,0,0,1,48.49
Spotted Deer,64.7,9,0,1,0,2,0,28.89
Leopard,93.21,5,3,0,0,2,2,49.96
Spotted Deer,66.11,8,6,1,0,2,0,50.66
Wild Boar,98.02,11,2,1,2,0,0,48.07
Asian Elephant,92.86,1,6,2,0,0,1,53.94
Spotted Deer,79.53,10,5,0,0,0,1,38.34
Spotted Deer,98.28,1,6,0,0,0,1,35.49
Asian Elephant,63.8,7,6,2,0,0,0,53.37
Leopard,71.82,14,6,1,0,1,2,66.95
Asian Elephant,84.89,5,1,2,1,2,0,52.68
Spotted Deer,73.65,17,0,0,2,1,0,36.6
Leopard,96.21,6,5,2,1,2,0,67.12
Leopard,62.56,16,2,0,2,1,0,47.14
Asian Elephant,81.43,11,1,2,0,0,1,44.06
Spotted Deer,83.04,10,0,1,2,2,1,47.29
Wild Boar,85.46,15,4,1,0,1,1,60.26
Spotted Deer,69.97,7,2,0,0,2,1,29.07
Tiger,74.22,2,0,2,1,0,2,48.93
Wild Boar,92.9,12,1,0,1,0,0,32.8
Leopard,67.6,19,1,1,1,2,0,54.88
Wild Boar,92.25,12,4,0,2,2,0,53.11
Leopard,81.94,16,2,1,2,0,2,61.98
Leopard,89.73,6,2,0,1,0,2,38.98
Wild Boar,87.83,3,5,2,1,0,1,57.61
Leopard,68.09,2,0,1,0,1,0,23.2
Leopard,82.18,20,5,0,2,2,0,67.96
Tiger,93.84,5,1,1,0,0,2,42.66
Spotted Deer,76.85,11,1,2,2,2,0,53.2
Spotted Deer,97.7,3,6,1,1,1,2,60.25
Tiger,77.64,3,4,2,2,1,1,65.0
Wild Boar,65.57,5,4,1,2,0,2,49.79
Asian Elephant,75.19,11,2,2,0,2,0,54.92
Asian Elephant,97.12,3,5,1,1,1,2,63.54
Asian Elephant,72.47,13,1,2,1,2,2,70.81
Tiger,93.86,8,6,0,1,2,1,65.45
Tiger,94.37,20,0,0,0,0,0,38.71
Leopard,73.66,10,6,1,0,1,0,54.23
Asian Elephant,63.25,2,3,2,0,1,1,45.5
Wild Boar,88.26,4,0,0,2,1,2,38.06
Wild Boar,72.15,18,4,1,2,2,2,72.79
Asian Elephant,90.53,19,0,0,0,1,0,37.48
Asian Elephant,77.26,4,1,2,0,1,2,50.85
Asian Elephant,78.93,20,5,1,1,2,1,73.44
Tiger,90.34,9,6,2,2,1,0,77.48
Tiger,74.91,16,2,2,2,1,2,76.37
Tiger,77.28,6,5,2,1,2,1,70.09
Spotted Deer,74.67,4,3,0,1,1,1,30.72
Wild Boar,74.33,9,2,1,1,0,0,40.33
Wild Boar,80.51,13,3,2,0,2,0,59.99
Leopard,91.54,9,3,0,0,1,2,46.24
Tiger,74.11,6,1,2,0,0,2,50.0
Spotted Deer,80.45,19,1,0,0,2,2,47.54
Spotted Deer,86.16,14,4,1,0,1,1,49.98
Wild Boar,70.51,15,4,1,2,2,1,67.87
Tiger,70.82,3,3,1,2,0,2,53.42
Leopard,96.4,5,5,1,2,2,0,62.04
Tiger,88.22,18,4,2,1,1,1,77.07
Asian Elephant,82.51,14,1,0,2,0,1,48.44
Tiger,85.26,16,4,1,1,2,2,81.63
Asian Elephant,61.14,14,3,2,2,1,0,61.74
Asian Elephant,84.11,9,6,1,0,1,1,60.51
Leopard,79.87,15,2,1,2,0,0,51.13
Wild Boar,81.28,7,5,1,0,0,1,46.96
Tiger,74.02,14,5,0,0,2,0,53.56
Asian Elephant,63.18,6,0,0,2,1,0,32.5
Tiger,67.54,15,4,0,2,0,1,53.54
Wild Boar,97.08,20,5,1,0,1,0,67.68
Wild Boar,75.94,8,6,2,1,2,1,72.62
Spotted Deer,78.2,2,6,2,1,0,1,53.79
Wild Boar,62.06,8,1,2,2,2,0,51.36
Leopard,61.47,1,2,1,0,2,1,37.96
Asian Elephant,87.97,17,1,0,1,0,0,35.98
Spotted Deer,80.99,19,4,2,2,2,1,80.94
Leopard,79.84,5,3,1,2,1,0,46.82
Tiger,69.48,20,6,1,0,0,1,65.34
Asian Elephant,89.05,16,6,2,1,1,1,79.43
Wild Boar,66.56,7,0,2,2,2,2,60.79
Asian Elephant,67.41,7,0,1,1,0,1,32.86
Tiger,77.97,18,6,2,2,1,1,89.02
Spotted Deer,71.16,18,2,1,2,1,0,54.09
Spotted Deer,69.65,2,5,2,1,1,0,46.58
Spotted Deer,85.16,15,5,0,1,1,0,47.82
Wild Boar,85.39,14,6,1,0,1,0,58.01
Leopard,92.16,18,5,0,0,2,2,68.3
Leopard,76.29,9,0,2,0,2,2,53.09
Asian Elephant,62.85,14,3,1,0,2,0,53.27
Wild Boar,70.67,5,5,2,1,2,0,63.06
Spotted Deer,98.22,11,1,1,0,2,0,42.75
Spotted Deer,83.25,8,6,2,1,2,0,65.13
Tiger,87.68,5,5,0,2,2,1,63.75
Tiger,60.29,11,3,0,1,1,0,42.26
Spotted Deer,80.21,5,6,2,0,2,1,58.76
Spotted Deer,61.46,17,2,0,1,1,0,36.72
Wild Boar,82.2,4,2,0,1,0,2,40.04
Leopard,95.91,15,0,2,1,2,2,67.54
Tiger,97.77,19,3,1,1,1,0,64.21
Leopard,81.08,2,1,2,1,0,2,47.79
Wild Boar,77.87,17,3,1,0,0,2,53.04
Spotted Deer,96.86,12,1,0,1,1,2,46.03
Leopard,86.27,17,1,0,0,1,2,50.88
Spotted Deer,62.53,10,3,0,2,1,1,48.66
Spotted Deer,78.16,18,6,0,1,2,1,61.73
Asian Elephant,69.37,19,4,0,2,0,1,59.35
Leopard,78.32,18,3,1,0,2,1,62.03
Leopard,77.76,13,6,1,1,2,0,65.4
Spotted Deer,82.7,14,1,1,2,2,2,59.41
Wild Boar,73.91,16,6,2,0,0,2,70.12
Asian Elephant,66.41,18,6,0,2,0,0,57.89
Spotted Deer,79.65,18,5,0,1,0,0,43.23
Tiger,92.38,16,2,0,1,1,1,54.06
Tiger,85.9,17,2,2,1,2,1,71.77
Asian Elephant,73.2,7,0,2,0,1,2,47.76
Wild Boar,96.49,12,2,2,2,1,0,61.07
Spotted Deer,95.58,2,4,0,0,2,2,42.62
Leopard,68.16,10,1,1,2,0,0,40.37
Asian Elephant,61.54,5,3,2,0,2,1,58.81
Wild Boar,88.91,3,3,2,1,1,2,61.51
Leopard,92.28,19,4,1,2,0,2,73.14
Tiger,97.75,13,2,2,2,0,0,59.48
Tiger,94.7,12,1,1,2,1,2,65.9
Leopard,83.42,3,2,0,0,0,1,31.72
Asian Elephant,80.67,6,6,1,1,0,2,63.88
Tiger,61.09,14,0,1,2,2,0,51.04
Spotted Deer,69.62,4,2,0,0,2,2,34.5
Leopard,77.92,13,0,2,2,1,1,57.83
Leopard,84.51,19,3,0,1,1,0,49.29
Tiger,81.73,18,1,2,2,1,0,68.39
Asian Elephant,88.96,3,5,2,1,0,1,60.61
Spotted Deer,70.91,20,6,1,0,1,0,60.45
Asian Elephant,82.03,6,0,0,0,2,0,30.18
Wild Boar,63.44,16,2,1,1,0,2,52.52
Wild Boar,76.13,20,6,0,1,1,0,59.44
Tiger,89.26,3,2,0,0,0,2,33.61
Tiger,87.04,12,6,1,1,0,1,67.71
Tiger,98.64,19,3,2,1,0,1,69.47
Wild Boar,70.84,19,4,2,2,1,1,74.91
Asian Elephant,79.43,4,6,0,0,0,1,40.88
Asian Elephant,72.85,1,5,2,0,0,0,38.17
Tiger,77.18,2,4,1,1,0,0,43.77
Spotted Deer,93.42,13,2,1,1,2,2,57.56
Asian Elephant,86.68,13,4,1,1,1,2,68.63
Wild Boar,94.42,2,6,0,0,2,2,52.52
Leopard,67.94,19,5,0,2,0,0,54.77
Leopard,94.06,16,5,2,0,0,2,68.81
Leopard,62.33,12,1,1,2,2,0,54.91
Spotted Deer,94.66,1,4,1,1,0,1,42.5
Tiger,72.83,9,1,0,0,2,0,37.98
Wild Boar,72.27,17,2,0,2,0,1,47.77
Spotted Deer,79.97,10,2,0,0,0,2,32.5
Wild Boar,96.69,18,2,1,2,0,0,56.04
Wild Boar,61.86,19,3,1,2,0,2,63.49
Tiger,73.74,7,4,2,0,1,2,66.73
Leopard,93.41,19,0,1,1,1,1,52.86
Tiger,75.45,15,5,2,0,1,2,77.61
Spotted Deer,67.77,9,0,2,1,2,0,45.57
Spotted Deer,76.57,10,2,1,2,2,2,57.09
Spotted Deer,75.04,20,6,2,2,2,1,83.25
Tiger,95.7,20,6,2,0,2,1,86.49
Wild Boar,89.72,4,4,0,0,1,2,43.99
Wild Boar,79.7,6,6,1,1,2,1,61.79
Asian Elephant,98.55,4,1,2,1,2,2,62.46
Spotted Deer,78.15,5,0,2,0,2,1,36.19
Wild Boar,62.27,9,6,2,1,0,2,67.82
Asian Elephant,70.23,12,2,1,1,2,2,64.1
Wild Boar,77.01,8,0,0,0,0,0,20.22
Spotted Deer,66.12,5,0,0,0,2,0,19.93
Leopard,96.96,11,5,1,2,2,2,78.16
Spotted Deer,89.91,11,0,1,2,0,0,33.31
Tiger,70.46,13,2,1,0,2,0,48.88
Wild Boar,83.04,14,5,1,2,0,1,62.94
Wild Boar,88.14,8,2,0,1,2,0,38.58
Tiger,96.71,18,3,2,0,2,1,73.17
Tiger,94.38,19,6,2,2,0,0,80.33
Leopard,80.09,12,3,1,0,1,0,42.85
Wild Boar,90.21,12,6,1,2,0,2,68.39
Wild Boar,81.92,18,3,2,0,1,0,58.25
Leopard,81.56,10,0,0,1,0,2,37.3
Asian Elephant,64.47,7,4,1,2,1,2,65.14
Leopard,64.92,18,2,1,0,2,2,62.11
Spotted Deer,80.65,12,3,0,1,1,2,47.71
Wild Boar,70.49,14,4,0,2,2,0,56.95
Tiger,60.82,15,3,0,2,0,2,57.49
Spotted Deer,88.19,16,6,1,0,1,0,53.17
Wild Boar,61.27,2,3,0,1,2,0,32.56
Leopard,83.22,18,4,1,0,0,1,59.16
Spotted Deer,81.03,12,3,1,2,1,1,61.63
Wild Boar,97.78,16,0,0,0,2,1,44.32
Asian Elephant,78.88,13,0,2,0,1,2,53.4
Asian Elephant,62.48,20,5,0,1,1,0,60.78
Tiger,81.52,17,0,2,1,2,0,60.9
Wild Boar,92.8,18,1,0,2,2,2,63.39
Asian Elephant,98.88,3,5,0,1,0,1,44.61
Leopard,76.78,10,3,1,0,2,1,54.02
Wild Boar,72.49,1,1,1,2,2,0,39.55
Leopard,95.36,6,2,1,1,1,0,46.3
Leopard,67.46,3,4,1,0,2,0,43.42
Asian Elephant,84.0,19,2,1,0,1,1,57.47
Wild Boar,75.82,4,1,1,2,1,0,40.04
Spotted Deer,61.6,20,0,1,2,2,1,55.48
Asian Elephant,73.54,3,6,2,1,2,1,66.73
Asian Elephant,70.34,8,3,2,1,2,1,62.67
Wild Boar,86.76,8,5,1,1,2,2,69.02
Wild Boar,97.0,7,6,2,1,0,2,69.36
Leopard,70.45,2,6,0,2,1,0,45.71
Wild Boar,91.65,6,3,2,0,0,1,47.14
Leopard,62.16,16,0,1,0,0,0,33.2
Asian Elephant,80.99,10,3,2,1,1,1,63.86
Tiger,62.75,4,4,0,2,0,0,43.33
Spotted Deer,96.43,13,6,2,1,2,0,66.1
Asian Elephant,89.89,10,4,1,1,2,2,72.09
Wild Boar,85.66,14,4,0,2,2,2,68.06
Spotted Deer,92.13,9,2,0,0,2,2,40.73
Tiger,85.25,11,0,2,0,1,2,56.57
Tiger,97.79,18,4,0,1,2,1,71.07
Leopard,87.84,11,1,0,2,1,0,45.39
Spotted Deer,96.06,17,4,0,0,1,0,40.91
Leopard,80.17,2,5,1,0,1,1,46.06
Asian Elephant,64.57,3,2,0,2,1,1,37.67
Spotted Deer,80.6,11,1,2,2,0,0,45.44
Asian Elephant,64.95,18,6,2,0,0,2,74.2
Leopard,83.11,3,0,0,1,2,2,41.94
Spotted Deer,78.82,15,0,2,1,1,2,56.3
Leopard,84.28,11,5,0,0,2,1,56.57
Spotted Deer,60.39,11,6,2,1,2,0,61.28
Leopard,67.6,20,4,0,1,2,1,66.81
Tiger,79.16,11,1,0,2,2,0,51.38
Leopard,97.07,19,5,0,2,1,2,73.36
Tiger,74.96,1,1,1,2,1,2,49.18
Leopard,76.55,5,4,2,1,0,2,60.95
Spotted Deer,87.87,10,6,0,2,1,0,48.45
Spotted Deer,83.55,10,4,1,2,1,2,60.38
Spotted Deer,71.66,14,3,1,0,2,0,43.94
Wild Boar,76.02,2,3,0,2,1,1,40.86
Asian Elephant,68.49,4,4,0,0,2,2,47.53
Spotted Deer,97.67,2,2,0,1,1,1,29.93
Tiger,65.09,18,5,0,2,0,1,60.55
Spotted Deer,74.5,13,3,0,0,2,0,36.58
Wild Boar,61.01,19,4,2,0,1,1,62.08
Tiger,68.65,5,1,0,0,1,0,27.53
Wild Boar,90.44,20,5,0,1,2,0,64.82
Tiger,67.85,2,6,2,2,0,1,65.81
Leopard,63.12,11,3,1,1,0,0,45.67
Asian Elephant,78.5,18,6,2,0,1,0,68.69
Asian Elephant,60.39,6,2,1,1,1,0,38.72
Wild Boar,63.31,10,5,1,1,1,1,57.48
Asian Elephant,91.5,17,5,2,0,2,0,73.85
Wild Boar,90.09,11,0,0,2,2,2,51.89
Wild Boar,95.69,19,1,1,2,2,1,66.36
Wild Boar,93.33,17,2,0,1,1,1,47.81
Asian Elephant,86.64,4,2,2,2,0,0,43.76
Wild Boar,62.04,14,6,1,0,2,1,64.88
Asian Elephant,90.53,20,2,0,2,0,2,62.54
Wild Boar,92.97,4,1,1,1,1,1,40.19
Spotted Deer,91.16,14,2,1,0,2,1,49.06
Wild Boar,79.83,4,0,2,0,2,1,42.22
Tiger,69.08,6,3,0,0,2,0,38.41
Wild Boar,92.97,9,1,0,1,1,2,45.57
Leopard,88.36,12,2,1,1,1,2,56.93
Wild Boar,98.25,8,4,0,2,1,2,59.53
Tiger,66.07,4,3,1,1,0,1,43.28
Tiger,68.8,5,6,2,0,0,2,59.14
Asian Elephant,68.26,6,5,2,1,2,0,63.04
Spotted Deer,90.91,5,1,0,1,2,1,38.57
Wild Boar,67.29,19,4,2,2,1,0,68.9
Asian Elephant,62.6,8,5,2,0,1,1,59.53
Spotted Deer,98.94,9,4,0,2,1,0,45.34
Wild Boar,60.97,15,2,1,2,2,1,61.69
Leopard,92.57,4,1,2,2,1,0,53.59
Wild Boar,74.25,9,6,0,0,0,2,46.24
Tiger,92.82,7,2,0,2,0,1,44.9
Tiger,81.63,8,5,0,0,2,1,55.96
Leopard,95.16,15,6,2,2,2,0,82.08
Asian Elephant,96.12,19,0,2,2,0,0,58.78
Spotted Deer,60.35,15,4,1,0,1,0,45.84
Wild Boar,62.94,5,0,1,1,2,1,38.84
Tiger,69.76,19,5,1,2,2,0,76.07
Asian Elephant,86.1,7,2,1,1,2,2,57.21
Leopard,94.64,6,6,1,2,0,0,58.84
Tiger,77.94,19,6,1,1,2,0,76.12
Leopard,83.67,17,6,0,1,0,0,53.18
Wild Boar,67.35,10,3,1,1,0,2,49.83
Spotted Deer,91.39,19,4,2,1,1,0,64.34
Tiger,97.73,11,3,1,1,1,0,56.01
Tiger,70.48,15,1,2,0,1,1,55.37
Wild Boar,79.3,10,4,1,1,2,1,59.16
Asian Elephant,63.36,11,0,0,0,0,0,20.9
Spotted Deer,81.81,3,3,0,2,2,1,44.1
Tiger,79.61,3,5,2,0,0,0,52.39
Spotted Deer,65.63,18,1,1,1,2,0,45.95
Tiger,77.24,11,4,0,0,0,2,45.24
Spotted Deer,73.03,20,6,0,1,1,0,57.47
Leopard,80.35,18,5,1,0,1,1,62.02
Tiger,82.84,15,1,2,2,2,1,76.2
Spotted Deer,60.33,7,0,2,1,0,1,37.53
Asian Elephant,89.68,10,6,2,1,1,1,74.89
Leopard,87.81,20,5,0,0,0,0,51.66
Leopard,74.29,10,4,1,0,2,2,58.0
Asian Elephant,62.06,13,1,0,0,1,2,38.89
Spotted Deer,89.44,15,2,0,0,2,0,39.01
Wild Boar,97.25,18,4,0,0,2,1,57.34
Asian Elephant,69.37,4,4,0,1,0,2,41.96
Spotted Deer,72.62,20,6,1,2,2,2,83.73
Asian Elephant,67.17,17,4,0,0,2,0,51.77
Asian Elephant,82.5,3,6,0,1,0,1,47.98
Tiger,66.04,2,4,2,2,0,2,62.36
Spotted Deer,73.89,4,2,0,2,2,0,35.41
Wild Boar,87.18,1,5,1,0,1,2,53.73
Tiger,81.84,15,5,0,1,1,2,63.9
Asian Elephant,75.07,1,5,1,1,0,1,46.93
Asian Elephant,76.39,6,0,1,1,2,1,43.85
Asian Elephant,81.92,7,2,1,1,1,2,57.37
Spotted Deer,60.23,19,2,2,1,0,1,58.51
Spotted Deer,63.06,12,1,2,2,0,2,54.15
Tiger,94.37,1,3,0,2,0,2,48.39
Wild Boar,63.04,7,5,0,2,2,2,60.85
Tiger,87.57,19,3,0,1,0,0,49.25
Leopard,95.88,13,1,1,2,1,1,57.6
Asian Elephant,70.56,12,2,1,2,2,1,59.82
Asian Elephant,74.45,12,1,1,0,1,2,51.01
Asian Elephant,82.19,13,4,0,2,1,1,57.21
Tiger,94.39,14,1,0,0,1,2,48.03
Tiger,96.73,12,1,0,1,2,1,52.11
Asian Elephant,88.84,20,6,0,1,1,1,67.17
Tiger,63.38,12,4,2,1,0,2,68.96
Spotted Deer,86.1,6,6,2,1,0,1,56.39
Spotted Deer,76.0,10,3,2,2,1,2,67.18
Tiger,78.36,20,4,0,0,0,0,45.94
Asian Elephant,61.92,9,0,2,1,2,2,58.91
Tiger,67.45,2,1,2,1,2,1,51.14
Tiger,90.83,7,1,0,0,0,0,28.25
Tiger,77.7,9,6,2,0,0,0,57.65
Leopard,71.76,12,3,0,0,2,2,51.39
Spotted Deer,74.98,5,6,0,0,1,0,34.54
Wild Boar,93.32,1,2,0,0,2,2,38.72
Wild Boar,89.21,15,4,1,2,1,1,67.39
Leopard,70.62,8,2,0,0,0,2,36.11
Tiger,64.58,1,0,2,2,0,0,38.28
Leopard,69.83,18,4,2,0,1,2,71.52
Leopard,95.91,13,0,0,0,1,2,35.39
Asian Elephant,82.68,1,0,1,1,2,1,40.5
Spotted Deer,80.81,5,0,1,1,1,2,41.03
Wild Boar,83.26,18,5,1,1,0,1,63.05
Tiger,74.28,16,4,2,1,0,0,61.02
Wild Boar,91.48,10,4,1,1,0,0,46.09
Wild Boar,80.41,4,5,1,1,1,2,56.59
Spotted Deer,64.55,1,3,0,0,1,2,31.72
Wild Boar,65.03,8,5,1,0,0,0,41.75
Wild Boar,80.94,5,1,1,1,1,0,33.96
Leopard,96.53,2,2,1,1,2,0,44.87
Spotted Deer,72.03,17,2,0,1,2,2,50.94
Asian Elephant,93.91,7,0,0,0,1,0,25.09
Tiger,89.8,17,4,1,1,1,2,72.47
Wild Boar,69.66,6,4,2,1,0,0,46.17
Tiger,61.42,15,0,2,0,1,0,47.91
Asian Elephant,63.97,5,1,0,0,0,2,31.54
Tiger,88.41,15,2,1,2,2,1,69.69
Asian Elephant,67.79,18,5,2,1,1,2,78.56
Leopard,74.48,18,3,1,0,2,1,61.77
Wild Boar,79.57,6,6,0,2,1,2,60.93
Asian Elephant,88.29,2,1,2,0,1,1,43.58
Tiger,64.42,17,4,0,2,0,1,61.62
Wild Boar,75.85,4,6,1,2,0,1,56.02
Leopard,78.92,12,0,0,1,1,2,44.57
Wild Boar,81.09,19,2,0,1,1,2,50.89
Asian Elephant,91.92,2,6,0,2,0,2,54.17
Leopard,66.7,2,0,0,1,2,1,32.89
Tiger,91.51,14,4,2,0,1,1,68.94
Leopard,87.02,15,0,1,0,0,2,44.21
Leopard,81.68,20,5,2,2,1,2,89.35
Spotted Deer,87.28,2,6,1,2,0,0,47.85
Leopard,76.07,4,6,1,0,2,0,51.61
Leopard,65.4,19,2,1,0,1,0,46.61
Wild Boar,85.96,9,0,1,2,1,0,41.32
Tiger,80.46,7,2,1,0,2,0,46.79
Wild Boar,84.94,13,6,2,0,1,2,72.05
Wild Boar,73.18,12,0,1,2,1,1,49.9
Asian Elephant,95.37,3,0,0,1,1,1,31.57
Wild Boar,82.91,13,2,2,0,0,2,53.48
Spotted Deer,63.33,15,5,2,1,0,2,69.79
Spotted Deer,77.54,14,0,1,1,1,2,44.28
Asian Elephant,89.5,9,5,0,0,2,0,51.01
Tiger,90.97,13,1,0,1,2,0,43.69
Tiger,79.29,4,3,1,2,1,0,52.29
Wild Boar,94.9,8,1,1,0,0,2,45.69
Wild Boar,70.44,3,3,0,0,0,2,33.45
Wild Boar,76.01,2,1,2,1,1,1,47.06
Tiger,95.05,19,3,2,0,0,2,70.3
Leopard,94.95,8,0,1,0,0,0,30.87
Spotted Deer,86.74,17,2,2,1,2,1,65.59
Leopard,93.5,13,2,2,1,1,2,72.01
Leopard,63.46,7,4,0,0,0,1,32.56
Tiger,93.73,9,3,2,0,0,1,57.7
Leopard,72.5,12,4,0,2,0,2,56.79
Asian Elephant,66.95,14,5,1,2,1,0,62.23
Wild Boar,69.34,14,5,1,0,1,0,50.81
Asian Elephant,76.3,15,4,0,0,0,1,42.22
Spotted Deer,69.8,3,3,0,2,2,2,40.73
Wild Boar,72.5,15,2,1,1,2,2,60.37
Leopard,65.26,19,3,0,0,1,0,42.9
Spotted Deer,71.55,20,5,1,2,2,2,78.81
Wild Boar,82.32,14,0,1,2,0,2,48.74
Leopard,77.23,8,4,1,0,1,1,49.41
Asian Elephant,73.52,5,4,1,0,1,2,53.04
Wild Boar,89.11,19,5,1,2,2,2,82.75
Leopard,94.85,4,3,1,0,1,2,47.81
Asian Elephant,89.51,14,4,2,1,2,0,69.65
Spotted Deer,72.95,16,2,2,0,2,0,55.0
Spotted Deer,89.03,20,4,1,2,0,1,59.1
Spotted Deer,65.93,6,3,2,2,2,0,57.07
Spotted Deer,65.08,6,5,0,0,2,0,39.05
Tiger,73.48,3,2,0,2,1,0,37.68
Wild Boar,91.5,15,2,1,1,0,0,46.13
Wild Boar,69.61,3,4,2,0,0,1,43.0
Tiger,62.47,11,3,0,0,2,2,53.85
Leopard,65.14,3,4,0,2,1,2,55.44
Leopard,93.49,10,6,0,1,1,2,65.84
Spotted Deer,84.72,18,0,0,0,1,1,33.16
Asian Elephant,69.87,1,5,2,2,0,0,51.29
Leopard,81.66,16,6,0,0,0,1,52.19
Asian Elephant,80.58,16,0,0,1,2,1,49.18
Wild Boar,85.56,10,2,0,2,2,1,53.39
Asian Elephant,69.09,1,4,1,0,1,2,47.78
Wild Boar,93.71,4,0,0,2,2,0,38.89
Tiger,72.07,3,1,0,2,1,2,44.95
Tiger,87.07,5,0,2,1,0,1,44.52
Spotted Deer,60.63,12,4,0,1,2,1,49.46
Leopard,74.53,12,4,0,0,1,2,52.6
Spotted Deer,73.72,13,5,0,2,0,2,52.9
Wild Boar,81.2,12,0,1,2,1,2,52.34
Spotted Deer,62.84,16,4,2,2,2,0,64.41
Asian Elephant,90.82,13,4,2,0,1,2,69.71
Wild Boar,68.49,5,6,1,1,0,0,48.02
Tiger,86.4,4,5,1,1,2,0,59.88
Leopard,91.33,15,6,2,2,0,2,85.26
Wild Boar,81.91,12,5,0,0,2,1,52.17
Wild Boar,88.89,19,5,2,2,1,1,81.04
Asian Elephant,85.81,19,6,1,1,0,0,61.0
Leopard,73.87,11,5,0,2,0,0,50.46
Tiger,91.55,6,1,2,2,1,0,58.06
Wild Boar,71.49,9,2,0,2,0,1,37.01
Wild Boar,82.28,1,4,0,1,0,0,32.44
Asian Elephant,89.07,12,3,1,0,0,0,42.76
Spotted Deer,74.78,14,5,2,2,0,1,63.39
Tiger,71.81,6,2,1,1,1,2,53.05
Leopard,77.91,1,5,2,2,0,1,60.22
Wild Boar,91.9,2,2,2,0,0,2,44.65
Wild Boar,96.27,11,3,0,2,0,2,51.49
Tiger,81.26,3,0,0,0,2,0,28.91
Spotted Deer,85.8,10,1,0,1,2,0,36.01
Wild Boar,95.23,6,4,1,0,1,2,53.0
Tiger,63.84,6,0,0,0,1,0,22.78
Asian Elephant,69.05,20,6,1,1,1,2,77.57
Spotted Deer,87.65,2,3,0,0,0,0,19.5
Leopard,92.13,10,1,1,0,2,1,45.74
Wild Boar,93.42,6,1,2,1,2,2,59.09
Tiger,76.19,17,1,1,0,1,2,56.58
Asian Elephant,63.48,14,3,1,0,2,0,50.37
Leopard,77.07,5,5,1,2,1,1,60.86
Tiger,69.0,17,5,2,0,0,0,62.15
Tiger,71.36,2,6,1,0,2,1,62.92
Leopard,90.12,9,5,2,0,0,0,52.01
Asian Elephant,62.95,12,0,0,1,0,2,37.36
Asian Elephant,92.28,19,4,0,0,2,1,59.56
Spotted Deer,76.68,7,1,2,1,1,1,49.35
Wild Boar,83.25,9,6,1,1,2,0,64.88
Leopard,63.5,16,6,0,0,0,1,47.31
Leopard,73.16,20,1,1,0,1,0,46.19
Leopard,63.5,11,0,1,0,0,1,33.02
Asian Elephant,97.5,12,5,2,0,1,0,62.79
Wild Boar,91.48,15,1,0,0,2,0,38.4
Spotted Deer,77.93,18,1,2,0,0,0,43.17
Tiger,68.72,19,3,2,0,1,2,75.69
Tiger,96.4,16,2,2,1,1,1,70.95
Leopard,73.44,15,6,2,2,2,2,92.45
Wild Boar,66.28,5,0,1,1,1,2,39.6
Asian Elephant,81.96,11,0,0,0,1,2,40.85
Wild Boar,96.81,15,5,0,2,0,2,65.41
Wild Boar,60.15,18,0,0,2,2,1,49.07
Asian Elephant,69.29,13,5,1,0,2,1,62.89
Leopard,96.6,4,3,1,0,0,2,42.04
Wild Boar,66.67,17,3,2,1,0,1,57.15
Tiger,64.42,4,4,2,2,0,1,59.03
Asian Elephant,82.24,16,5,2,2,1,0,73.38
Spotted Deer,93.61,15,6,2,0,2,1,73.92
Leopard,78.61,14,3,0,0,2,2,55.07
Asian Elephant,98.79,12,5,2,2,2,1,84.7
Spotted Deer,86.49,3,6,1,2,1,2,59.45
Spotted Deer,62.89,10,6,1,0,2,1,58.47
Wild Boar,98.72,8,0,1,0,2,2,48.44
Wild Boar,75.91,6,4,2,0,2,1,59.18
Wild Boar,71.21,14,2,0,1,2,1,51.0
Asian Elephant,81.76,17,1,0,1,0,1,43.76
Asian Elephant,71.87,19,1,2,0,1,2,61.83
Leopard,63.37,16,4,2,1,2,0,70.02
Wild Boar,60.06,15,5,1,2,2,2,74.6
Spotted Deer,77.53,15,5,1,2,2,1,69.84
Tiger,92.64,1,5,0,0,2,2,52.31
Leopard,82.32,12,2,1,2,2,1,66.35
Asian Elephant,98.97,10,6,1,2,0,1,68.84
Leopard,71.19,14,1,2,2,0,0,54.78
Leopard,70.94,10,4,0,2,1,1,52.22
Leopard,66.23,10,5,2,2,1,1,72.06
Leopard,66.4,20,3,0,1,2,1,60.2
Tiger,71.12,11,0,2,1,2,0,54.65
Wild Boar,90.92,16,2,0,0,0,2,39.76
Spotted Deer,95.32,9,5,1,2,1,0,59.62
Leopard,98.03,15,1,0,1,2,2,57.13
Leopard,69.06,14,0,0,1,2,1,45.17
Leopard,94.37,19,4,2,1,2,2,83.11
Wild Boar,72.8,9,5,0,2,1,2,62.24
Asian Elephant,64.4,4,1,0,1,0,2,35.66
Asian Elephant,93.93,7,0,0,0,0,2,33.06
Tiger,84.81,8,3,2,0,2,1,63.73
Asian Elephant,66.42,8,2,0,2,2,0,50.16
Leopard,76.76,19,4,2,0,2,2,80.45
Leopard,71.2,15,1,1,1,2,1,53.54
Leopard,88.73,16,6,2,2,2,1,89.13
Tiger,77.68,9,3,0,0,1,1,44.43
Leopard,98.58,12,2,1,2,0,1,55.32
Asian Elephant,62.14,16,2,0,1,1,2,54.09
Wild Boar,73.85,4,6,2,0,1,0,55.66
Wild Boar,78.79,5,3,1,1,2,1,51.53
Spotted Deer,79.62,8,1,1,0,1,0,28.59
Asian Elephant,72.32,1,2,1,2,0,0,34.58
Leopard,88.44,6,4,0,0,2,0,38.25
Wild Boar,94.12,15,0,1,0,0,1,38.25
Asian Elephant,96.61,4,4,1,0,1,1,48.17
Wild Boar,91.4,11,5,1,2,2,1,70.78
Leopard,93.17,5,2,1,0,0,0,31.25
Wild Boar,81.47,18,0,2,1,0,1,50.6
Spotted Deer,92.21,15,3,0,2,2,1,56.03
Spotted Deer,71.84,18,0,0,2,0,0,33.54
Wild Boar,75.54,20,0,1,1,2,1,55.42
Asian Elephant,72.36,13,6,2,2,2,2,89.21
Asian Elephant,78.23,5,0,1,0,1,2,44.03
Asian Elephant,71.14,1,2,0,2,0,2,41.24
Wild Boar,97.5,18,6,0,1,2,2,75.26
Asian Elephant,72.2,14,6,0,2,1,0,61.09
Leopard,63.82,5,5,1,1,1,1,52.24
Spotted Deer,80.55,6,5,1,2,2,2,64.96
Leopard,62.23,16,6,2,1,2,2,84.73
Asian Elephant,64.31,12,6,2,2,0,1,72.76
Leopard,68.56,20,1,0,0,0,0,33.34
Asian Elephant,78.11,18,5,0,1,0,2,59.73
Wild Boar,76.9,2,2,2,1,2,1,54.03
Leopard,91.19,13,1,0,2,1,1,48.18
Wild Boar,88.84,17,3,2,2,1,2,81.54
Wild Boar,76.63,17,3,1,2,2,2,76.13
Tiger,73.01,16,3,0,0,0,1,41.35
Asian Elephant,72.34,18,3,0,2,1,1,59.08
Spotted Deer,90.19,8,3,2,1,1,2,63.09
Asian Elephant,62.03,3,4,1,2,0,2,55.42
Spotted Deer,60.5,17,6,0,0,1,2,55.24
Asian Elephant,91.03,18,2,0,2,0,2,53.99
Wild Boar,78.61,6,1,2,2,1,0,48.28
Leopard,65.1,8,3,1,1,1,1,50.58
Leopard,69.19,13,4,2,2,1,2,72.4
Tiger,96.37,8,5,1,0,0,1,55.06
Spotted Deer,93.52,19,4,1,2,1,2,70.73
Spotted Deer,87.68,6,4,2,2,1,0,56.48
Spotted Deer,78.81,15,2,2,1,1,1,57.34
Wild Boar,80.29,10,3,1,2,2,0,56.59
Spotted Deer,98.03,17,4,2,1,1,1,69.79
Leopard,97.67,1,6,0,1,1,0,45.39
Wild Boar,68.4,7,4,0,2,0,2,53.84
Asian Elephant,91.63,13,3,0,1,0,2,55.61
Spotted Deer,67.69,3,2,0,1,2,0,26.63
Spotted Deer,68.33,19,4,0,2,0,2,58.77
Asian Elephant,86.37,15,1,2,2,0,0,55.24
Spotted Deer,75.8,5,0,1,0,0,0,15.18
Asian Elephant,96.33,11,5,2,0,2,1,69.37
Wild Boar,63.47,18,0,0,1,2,0,39.73
Leopard,79.95,3,0,0,1,1,1,31.57
Asian Elephant,95.82,6,2,2,2,1,0,57.58
Tiger,95.26,3,4,2,0,0,1,53.87
Asian Elephant,66.1,5,0,1,0,1,1,26.83
Spotted Deer,74.3,9,0,0,2,1,2,38.38
Wild Boar,84.15,19,5,2,2,2,1,83.66
Wild Boar,66.22,13,3,1,2,2,1,60.14
Asian Elephant,97.75,6,6,0,2,1,0,53.43
Leopard,95.68,11,6,0,0,1,1,54.72
Tiger,66.51,14,4,0,2,1,2,66.48
Wild Boar,64.73,6,4,2,2,0,0,50.12
Spotted Deer,63.33,6,5,0,0,2,1,42.27
Spotted Deer,95.47,17,3,0,2,1,0,51.18
Leopard,67.55,11,4,1,0,1,0,47.46
Wild Boar,76.24,15,6,2,0,0,0,57.36
Asian Elephant,77.51,9,6,1,2,2,0,67.75
Spotted Deer,83.36,17,1,2,2,0,0,51.98
Leopard,62.8,7,5,0,1,0,1,41.59
Wild Boar,68.84,7,2,1,1,1,0,40.59
Wild Boar,96.33,1,3,2,0,0,0,35.44
Wild Boar,95.43,8,5,2,0,0,2,61.97
Wild Boar,90.47,5,0,0,1,1,2,37.72
Wild Boar,60.76,19,4,0,0,2,0,49.81
Spotted Deer,72.75,8,1,1,1,1,1,36.49
Leopard,84.49,17,6,1,2,2,2,83.38
Wild Boar,70.73,19,1,2,2,0,2,63.49
Tiger,95.47,12,2,1,2,0,0,53.69
Tiger,84.72,15,5,0,0,1,1,56.42
Leopard,62.8,4,1,1,2,1,1,42.99
Asian Elephant,95.45,12,5,1,0,1,2,66.51
Asian Elephant,97.35,13,4,2,2,0,2,72.15
Asian Elephant,63.03,14,4,0,0,0,2,47.2
Tiger,80.76,5,6,2,0,2,2,72.45
Asian Elephant,71.83,16,1,0,1,1,2,48.15
Spotted Deer,75.32,7,4,0,1,0,0,29.27
Wild Boar,67.01,15,5,2,1,2,0,74.51
Tiger,82.54,13,6,1,0,1,0,61.65
Leopard,97.36,16,4,2,1,1,2,75.86
Leopard,79.62,12,6,1,1,2,0,68.44
Wild Boar,63.23,7,0,2,1,2,2,51.8
Tiger,84.18,16,5,2,0,2,1,80.8
Asian Elephant,73.27,13,6,1,0,0,1,55.44
Asian Elephant,93.38,3,3,1,1,1,0,45.0
Spotted Deer,76.95,15,4,1,1,1,1,60.18
Spotted Deer,67.52,3,4,2,0,2,1,49.6
Asian Elephant,67.45,7,5,1,0,0,1,50.8
Leopard,89.98,18,2,1,1,2,0,59.87
Leopard,70.36,14,3,1,1,0,1,51.65
Spotted Deer,89.92,18,6,0,1,1,0,53.06
Wild Boar,68.03,19,3,1,0,1,2,62.35
Asian Elephant,72.55,14,6,1,1,0,2,67.12
Spotted Deer,78.15,20,3,1,0,1,0,51.64
Spotted Deer,96.78,6,1,0,2,1,0,30.79
Asian Elephant,96.34,8,0,0,1,2,1,41.75
Asian Elephant,68.07,7,0,1,2,0,2,47.54
Leopard,73.97,20,2,1,0,1,1,54.74
Wild Boar,65.83,18,3,1,2,1,2,68.82
Wild Boar,79.89,18,3,1,1,0,1,52.43
Asian Elephant,77.96,15,4,0,2,1,1,60.86
Tiger,95.13,20,6,1,2,0,2,84.75
Spotted Deer,96.27,19,5,0,2,0,1,61.77
Spotted Deer,74.96,2,1,2,0,2,2,44.29
Asian Elephant,79.18,8,1,0,1,0,0,29.47
Tiger,94.95,11,2,2,0,2,1,66.57
Leopard,91.46,18,0,0,2,1,2,56.12
Asian Elephant,60.14,13,3,0,2,0,2,55.19
Asian Elephant,72.48,9,5,0,0,2,1,57.26
Spotted Deer,76.45,9,2,1,0,0,2,38.33
Asian Elephant,68.96,17,6,0,2,1,1,70.8
Asian Elephant,67.78,7,1,1,1,2,1,49.86
Asian Elephant,61.47,9,1,0,0,2,0,34.24
Spotted Deer,85.09,1,1,0,2,2,0,31.96
Leopard,70.24,2,3,2,2,1,0,54.45
Leopard,62.04,4,3,0,1,2,1,45.26
Asian Elephant,69.01,14,3,1,2,1,1,62.51
Spotted Deer,91.27,4,4,2,0,1,2,53.23
Leopard,93.21,2,0,2,2,0,0,41.11
Leopard,78.84,8,6,0,2,1,0,51.51
Leopard,76.23,18,1,0,2,2,2,63.65
Spotted Deer,98.14,19,1,2,2,2,0,66.71
Spotted Deer,67.82,14,4,1,1,1,0,48.48
Asian Elephant,68.4,20,1,0,0,1,0,39.5
Wild Boar,71.38,10,6,2,2,0,2,75.28
Leopard,66.74,17,1,1,0,0,0,39.19
Wild Boar,74.8,8,3,0,1,2,1,48.75
Spotted Deer,95.52,14,3,2,0,1,0,53.11
Spotted Deer,84.0,8,0,2,1,2,1,49.29
Spotted Deer,76.07,5,6,0,0,1,0,35.03
Wild Boar,96.44,16,6,1,0,2,1,71.02
Spotted Deer,61.89,8,1,1,2,2,0,44.98
Asian Elephant,68.2,10,2,2,0,2,1,58.25
Spotted Deer,82.07,8,1,1,2,1,1,47.27
Tiger,84.01,9,1,2,2,0,0,48.35
Wild Boar,61.54,18,0,0,0,0,2,35.84
Tiger,75.72,3,2,1,2,1,0,46.35
Spotted Deer,85.32,17,1,0,0,0,2,33.25
Asian Elephant,87.22,20,5,2,2,2,2,92.13
Leopard,84.89,15,5,0,2,1,2,69.78
Spotted Deer,72.5,17,6,1,1,1,2,69.32
Asian Elephant,63.65,8,6,0,1,0,2,55.05
Wild Boar,76.66,2,2,1,0,0,2,30.11
Tiger,65.02,17,5,1,2,2,0,75.95
Tiger,96.96,18,3,1,1,1,1,69.39
Tiger,78.53,5,3,1,1,0,1,44.11
Wild Boar,72.37,9,2,1,1,1,0,44.57
Asian Elephant,89.89,9,1,2,2,2,0,64.75
Wild Boar,79.42,2,6,0,0,2,0,38.82
Tiger,72.09,2,2,2,2,2,2,67.43
Spotted Deer,91.67,19,5,0,2,1,2,68.12
Leopard,93.82,3,2,0,1,1,1,34.41
Wild Boar,86.25,17,5,0,2,1,0,58.37
Wild Boar,61.83,14,6,2,2,1,1,79.04
Asian Elephant,82.09,14,3,1,1,1,1,57.61
Asian Elephant,89.77,14,2,1,1,2,2,70.64
Wild Boar,65.32,6,6,2,2,2,2,79.42
Tiger,68.92,3,6,1,1,2,1,62.06
Leopard,94.42,1,4,0,0,0,2,37.84
Asian Elephant,60.78,16,5,1,0,2,2,67.34
Tiger,89.36,4,4,1,0,1,2,56.45
Spotted Deer,78.48,1,3,1,0,2,1,38.48
Asian Elephant,77.42,17,6,0,0,0,1,53.38
Tiger,60.28,18,6,1,1,0,1,64.64
Tiger,91.96,8,1,1,1,0,0,39.77
Leopard,74.03,2,5,1,0,0,1,42.38
Leopard,81.09,18,1,2,0,0,2,55.3
Spotted Deer,86.41,16,3,2,0,1,1,59.55
Tiger,87.4,10,1,1,1,2,0,51.9
Tiger,97.28,8,6,2,1,1,2,78.08
Leopard,80.72,12,5,2,2,1,1,75.13
Asian Elephant,75.59,16,0,0,2,0,1,44.67
Asian Elephant,97.19,12,5,2,2,2,2,91.17
Wild Boar,85.04,11,5,2,2,2,1,81.05
Leopard,71.63,20,4,1,1,2,0,69.92
Wild Boar,64.93,19,0,0,1,0,2,38.97
Leopard,92.86,1,0,0,1,1,1,27.79
Spotted Deer,74.13,3,0,0,1,2,2,30.01
Tiger,85.76,12,5,2,0,1,1,71.15
Spotted Deer,78.36,9,3,1,2,2,1,56.51
Leopard,67.76,5,0,0,1,2,2,42.52
Tiger,83.47,1,2,0,1,2,1,39.84
Asian Elephant,62.37,10,1,2,2,2,1,62.26
Asian Elephant,76.12,17,3,0,1,0,2,52.47
Wild Boar,81.32,4,2,1,0,0,1,35.38
Leopard,77.01,15,5,0,1,1,1,59.25
Leopard,89.2,19,5,1,2,0,2,71.85
Asian Elephant,92.29,8,2,1,0,2,0,45.37
Spotted Deer,90.08,15,4,1,0,1,0,49.61
Tiger,61.51,7,4,2,2,1,0,64.75
Spotted Deer,67.57,15,2,2,2,1,0,56.46
Spotted Deer,80.93,8,4,1,0,2,0,44.88
Asian Elephant,96.46,10,1,1,1,2,0,48.65
Asian Elephant,92.56,18,1,0,2,1,2,62.65
Asian Elephant,92.86,4,5,0,0,0,2,42.49
Wild Boar,71.83,15,4,0,2,2,2,63.63
Spotted Deer,76.75,11,0,2,1,2,1,51.56
Leopard,78.36,3,2,0,1,0,0,25.13
Tiger,66.14,15,1,1,0,1,0,45.07
Wild Boar,61.21,3,6,1,1,0,2,53.62
Leopard,96.93,15,4,2,1,2,1,80.48
Spotted Deer,69.39,6,6,2,1,1,1,61.01
Asian Elephant,69.36,1,4,0,2,1,2,52.65
Spotted Deer,63.25,14,1,2,0,0,0,34.05
Tiger,96.21,16,1,1,0,2,1,59.9
Wild Boar,82.61,1,0,1,0,2,0,27.85
Wild Boar,86.01,17,4,2,1,1,1,69.68
Tiger,95.55,8,4,1,2,2,0,63.59
Leopard,73.48,18,3,2,0,1,1,66.81
Leopard,84.24,16,5,1,2,1,0,67.26
Wild Boar,61.51,6,0,0,0,1,0,16.62
Wild Boar,67.28,10,1,2,1,2,0,52.62
Asian Elephant,92.42,10,6,2,0,0,2,68.28
Leopard,89.9,5,1,2,0,1,0,39.57
Tiger,73.68,12,2,1,1,0,0,50.72
Leopard,74.7,20,5,0,1,0,1,55.13
Asian Elephant,80.81,17,1,2,0,0,1,56.73
Wild Boar,60.01,14,4,1,2,0,2,60.21
Wild Boar,69.41,14,1,2,1,0,1,51.79
Asian Elephant,68.12,3,4,1,0,1,0,39.67
Tiger,69.77,12,4,0,1,2,2,65.06
Wild Boar,91.43,20,0,1,2,0,2,55.77
Spotted Deer,70.91,18,1,1,0,2,2,50.22
Wild Boar,67.47,12,0,2,0,2,0,46.49
Spotted Deer,79.67,2,6,1,2,1,0,46.46
Asian Elephant,93.76,2,6,2,2,0,1,63.99
Asian Elephant,69.41,17,5,1,0,2,1,67.19
Wild Boar,63.06,10,4,0,2,2,1,53.14
Leopard,73.9,18,6,1,2,0,2,73.95
Spotted Deer,89.16,19,5,2,0,1,0,61.58
Tiger,81.48,1,1,1,1,1,1,37.22
Wild Boar,91.85,4,5,1,2,0,0,46.45
Tiger,97.42,4,5,0,1,2,2,65.14
Wild Boar,90.91,2,1,2,1,1,0,43.21
Leopard,83.55,19,0,0,1,1,0,45.55
Leopard,79.24,12,0,1,2,2,2,62.16
Leopard,61.56,10,4,0,0,2,1,50.14
Leopard,98.39,13,4,1,0,2,0,56.91
Asian Elephant,74.96,20,1,1,0,2,0,52.38
Asian Elephant,65.94,15,1,0,0,0,2,39.92
Spotted Deer,86.0,3,3,0,0,2,0,25.55
Tiger,71.09,20,3,1,0,1,0,57.01
Wild Boar,82.85,13,2,0,1,2,0,43.35
Wild Boar,82.88,8,6,0,1,2,2,62.02
Asian Elephant,77.38,7,4,1,1,0,0,47.06
Wild Boar,92.61,8,5,2,2,0,2,67.74
Asian Elephant,70.33,18,6,0,2,2,1,74.44
Spotted Deer,77.5,9,2,0,2,0,0,31.81
Tiger,80.97,6,6,2,0,0,2,64.63
Spotted Deer,85.88,4,2,0,1,0,2,32.06
Leopard,90.57,15,0,1,2,0,0,45.59
Leopard,75.4,5,5,0,1,2,2,59.44
Leopard,85.2,5,0,1,0,0,1,29.37
Spotted Deer,65.87,7,3,2,1,0,1,43.25
Wild Boar,96.37,9,2,2,0,1,1,51.17
Tiger,74.94,7,6,2,2,2,1,80.22
Leopard,88.45,9,3,0,0,0,2,40.05
Leopard,60.79,20,5,2,0,1,2,76.15
Leopard,68.0,10,5,0,1,0,1,46.98
Tiger,79.0,4,4,0,0,2,1,46.95
Leopard,94.25,6,1,0,2,1,1,40.93
Tiger,80.56,14,0,2,2,1,1,63.9
Leopard,96.26,9,4,2,0,2,1,68.56
Spotted Deer,78.87,1,6,0,1,1,2,47.01
Spotted Deer,79.13,17,4,2,2,1,1,72.93
Tiger,64.67,13,6,0,2,0,1,60.82
Spotted Deer,91.3,7,0,2,0,1,0,32.74
Tiger,69.63,9,0,1,0,2,2,51.46
Spotted Deer,95.08,11,5,2,2,0,1,62.35
Spotted Deer,95.52,3,5,2,0,1,2,56.1
Tiger,96.79,12,2,2,0,0,0,50.1
Wild Boar,80.29,3,3,0,2,2,0,43.91
Spotted Deer,86.41,15,5,0,1,1,1,55.6
Leopard,90.36,10,4,1,1,2,1,65.42
Wild Boar,65.11,1,2,1,2,2,1,49.31
Tiger,83.44,14,6,1,0,1,1,68.23
Wild Boar,61.34,20,2,0,2,1,0,50.85
Asian Elephant,79.41,6,4,1,2,0,2,57.05
Asian Elephant,66.04,2,5,1,0,2,1,56.35
Spotted Deer,67.13,8,6,2,1,1,2,69.13
Spotted Deer,74.24,1,4,1,1,2,1,46.3
Leopard,76.87,4,1,2,0,1,1,44.24
Wild Boar,84.3,4,5,0,2,2,0,48.16
Asian Elephant,62.9,5,3,0,0,0,1,29.85
Spotted Deer,79.64,20,6,2,2,2,1,84.83
Wild Boar,67.12,9,4,1,0,1,1,46.9
Spotted Deer,82.39,13,5,0,0,0,0,37.17
Spotted Deer,84.86,18,0,2,1,0,2,54.4
Asian Elephant,81.71,17,1,0,1,1,0,40.73
Asian Elephant,88.79,1,6,0,0,0,1,37.34
Spotted Deer,73.09,15,6,1,0,2,1,58.25
Tiger,89.84,2,3,0,1,2,1,49.58
Spotted Deer,76.88,16,5,2,2,1,2,77.38
Spotted Deer,78.88,20,0,1,1,2,2,59.43
Leopard,85.28,5,5,2,2,1,1,75.19
Leopard,60.72,19,0,2,1,0,1,51.29
Leopard,85.51,5,3,2,1,2,2,67.92
Tiger,84.12,2,1,1,2,1,0,45.81
Tiger,72.08,7,6,0,0,2,0,49.57
Spotted Deer,63.35,3,0,2,1,0,2,35.75
Leopard,63.55,17,2,0,1,0,2,49.18
Tiger,96.01,3,3,0,1,2,1,54.7
Asian Elephant,86.88,13,3,2,0,0,2,62.72
Spotted Deer,64.96,7,4,0,1,1,2,42.28
Wild Boar,73.91,3,1,1,0,2,1,36.17
Spotted Deer,83.11,15,2,1,1,2,2,59.15
Wild Boar,92.59,18,2,0,2,0,1,47.21
Leopard,61.7,10,4,0,1,1,0,42.23
Wild Boar,69.23,7,0,1,1,2,0,37.7
Leopard,94.7,9,0,0,0,2,0,32.54
Asian Elephant,60.36,5,2,0,0,0,1,23.81
Wild Boar,67.85,20,1,0,0,0,0,32.03
Spotted Deer,97.4,8,0,0,2,1,0,28.83
Leopard,83.92,14,3,2,2,1,1,70.59
Spotted Deer,70.21,4,5,0,0,0,1,28.49
Tiger,62.61,20,4,1,2,1,0,70.48
Leopard,61.1,14,1,2,0,0,0,40.1
Wild Boar,69.55,12,0,2,2,2,0,57.91
Leopard,94.38,2,5,1,0,0,2,49.85
Spotted Deer,76.22,13,2,0,0,0,1,30.59
Asian Elephant,88.09,1,4,2,2,0,1,58.1
Leopard,95.81,20,0,2,1,2,1,66.89
Wild Boar,75.91,7,2,0,0,1,1,33.52
Tiger,67.46,9,0,0,0,1,0,26.1
Asian Elephant,80.17,17,4,1,1,1,1,66.05
Tiger,95.42,13,3,2,0,0,2,65.75
Leopard,91.37,10,6,0,0,0,2,56.84
Spotted Deer,62.57,16,3,0,2,1,0,45.27
Spotted Deer,87.01,6,6,1,1,2,0,56.88
Wild Boar,82.3,16,5,2,0,2,1,73.85
Spotted Deer,95.39,11,2,0,0,2,0,34.75
Asian Elephant,64.78,20,6,1,1,2,0,74.47
Spotted Deer,80.83,3,3,2,1,0,0,38.42
Wild Boar,94.3,9,4,2,2,1,2,72.9
Leopard,75.99,15,2,2,2,2,1,70.54
Leopard,78.8,13,0,2,2,0,0,50.72
Spotted Deer,62.75,10,6,1,0,0,1,44.72
Tiger,70.85,20,6,0,1,0,1,64.65
Leopard,72.66,13,1,2,2,1,1,61.97
Spotted Deer,96.86,17,6,2,1,0,2,74.16
Wild Boar,71.02,7,6,0,0,1,1,43.69
Spotted Deer,77.97,6,0,2,0,1,1,38.91
Leopard,86.18,13,4,2,1,1,0,62.9
Wild Boar,66.33,17,5,0,1,1,0,54.65
Spotted Deer,78.97,15,2,0,2,0,2,45.46
Asian Elephant,88.8,4,0,2,1,0,1,45.71
Wild Boar,93.81,15,2,0,2,0,2,53.17
Asian Elephant,84.42,14,3,1,1,2,1,66.35
Tiger,86.09,11,1,1,1,2,2,59.58
Wild Boar,64.93,4,4,2,1,1,1,52.35
Asian Elephant,96.89,3,0,2,0,1,0,38.24
Leopard,65.17,2,1,0,0,1,2,27.97
Leopard,90.21,20,6,0,0,1,0,60.53
Tiger,70.33,10,4,2,2,1,1,72.39
Wild Boar,96.41,13,4,2,2,2,2,81.71
Wild Boar,88.08,20,5,1,0,1,0,57.93
Wild Boar,89.4,18,3,0,0,0,0,38.19
Tiger,68.54,16,5,2,1,1,0,69.63
Wild Boar,77.28,11,5,2,1,0,1,62.87
Leopard,84.09,10,2,0,2,0,2,48.6
Asian Elephant,90.03,9,2,0,2,0,0,41.85
Leopard,64.05,12,6,2,1,0,1,67.78
Leopard,97.53,19,1,2,2,1,1,69.41
Asian Elephant,94.72,1,3,2,0,1,1,49.6
Leopard,70.54,18,4,0,1,1,2,59.96
Tiger,92.09,14,6,2,1,1,1,78.39
Asian Elephant,80.21,1,3,2,2,1,1,55.0
Leopard,78.01,17,3,2,1,2,2,80.19
Spotted Deer,72.26,11,1,1,1,0,2,43.99
Leopard,82.66,20,2,1,0,0,1,49.1
Tiger,88.47,15,3,0,1,2,1,58.47
Wild Boar,76.03,4,3,2,1,2,0,54.18
Leopard,84.54,15,3,2,1,1,2,70.51
Wild Boar,87.27,14,0,0,1,1,2,47.04
Spotted Deer,87.73,1,3,0,0,0,0,16.12
Leopard,62.03,9,3,0,1,1,1,38.98
Asian Elephant,93.53,7,4,2,0,0,1,54.37
Wild Boar,77.87,11,5,1,0,1,1,53.27
Spotted Deer,70.23,2,0,0,0,1,1,16.61
Asian Elephant,69.43,2,3,2,2,0,0,47.51
Asian Elephant,78.84,6,5,0,2,2,2,66.23
Asian Elephant,94.59,19,3,2,1,2,2,84.28
Asian Elephant,74.76,20,1,0,0,1,1,45.88
Leopard,89.24,14,1,2,2,2,0,65.46
Leopard,63.78,3,5,0,1,1,1,44.15
Leopard,78.57,7,0,1,2,2,1,48.09
Spotted Deer,98.68,7,4,0,0,2,0,39.07
Spotted Deer,90.05,4,0,0,1,0,0,17.32
Spotted Deer,68.21,5,0,1,0,2,2,37.25
Tiger,79.56,17,1,0,0,1,2,49.44
Spotted Deer,69.11,4,1,1,2,0,1,35.18
Leopard,75.97,13,4,2,1,2,1,72.85
Leopard,90.42,16,6,1,1,0,2,72.82
Tiger,90.08,16,6,1,1,2,0,74.18
Tiger,68.9,2,6,2,2,1,1,67.29
Spotted Deer,95.97,18,3,1,1,1,1,57.75
Wild Boar,83.11,1,4,1,2,0,0,39.9
Tiger,74.82,18,3,2,1,2,1,75.97
Asian Elephant,79.58,8,5,0,2,2,0,57.35
Leopard,83.6,11,5,0,1,0,2,56.67
Asian Elephant,81.84,15,2,1,2,0,2,63.3
Leopard,78.97,16,6,0,0,1,2,62.85
Leopard,79.69,17,1,0,0,0,2,44.35
Tiger,66.88,17,2,1,0,2,2,64.14
Tiger,91.7,12,2,2,1,0,1,60.14
Asian Elephant,81.13,10,1,0,2,1,2,50.28
Leopard,65.11,20,2,1,0,0,1,46.68
Asian Elephant,89.88,6,6,2,1,2,1,75.94
Wild Boar,96.37,8,0,0,2,0,0,26.53
Asian Elephant,96.94,13,3,2,0,0,1,55.87
Spotted Deer,74.39,2,6,1,0,0,1,39.7
Asian Elephant,65.29,19,4,2,1,1,2,76.31
Spotted Deer,80.22,10,1,2,2,1,2,58.96
Spotted Deer,64.39,4,0,1,1,1,0,25.36
Spotted Deer,96.43,12,5,0,0,1,0,40.22
Wild Boar,67.16,18,4,0,1,2,1,59.36
Asian Elephant,69.86,7,4,2,1,2,0,61.68
Asian Elephant,75.86,20,4,2,0,1,2,73.09
Wild Boar,74.94,4,2,2,0,1,2,50.68
Leopard,90.99,7,2,2,2,1,2,62.58
Tiger,77.8,10,2,0,2,0,1,49.71
Asian Elephant,66.66,15,6,1,0,2,1,69.42
Tiger,70.42,12,2,1,0,0,0,41.55
Wild Boar,79.86,1,0,1,2,1,2,44.37
Leopard,65.75,20,2,2,1,2,1,71.32
Leopard,83.85,18,1,2,0,1,1,56.85
Leopard,82.06,16,4,1,0,0,0,48.61
Wild Boar,87.87,5,0,0,1,2,2,42.25
Spotted Deer,96.57,19,5,1,2,0,2,69.21
Spotted Deer,95.58,4,2,0,2,2,0,38.54
Tiger,96.9,6,5,2,1,1,0,60.78
Spotted Deer,69.54,17,4,1,0,2,0,50.44
Spotted Deer,65.13,7,0,1,1,0,0,21.44
Leopard,71.79,7,4,2,0,0,2,59.21
Leopard,94.91,9,5,0,2,0,2,56.47
Tiger,97.91,13,6,1,0,0,0,58.16
Asian Elephant,93.51,20,0,1,0,1,1,54.99
Tiger,64.29,14,3,0,0,0,1,43.56
Tiger,96.95,16,6,1,0,1,2,78.28
Wild Boar,76.51,9,0,1,0,2,2,48.96
Wild Boar,60.36,15,2,2,2,0,0,53.83
Tiger,77.25,5,5,0,1,2,1,56.83
Tiger,61.8,18,4,1,2,2,2,81.45
Tiger,81.21,20,4,1,0,1,1,66.51
Spotted Deer,73.2,8,4,2,1,0,0,46.87
Wild Boar,78.46,15,1,1,0,1,2,53.64
Tiger,83.91,9,1,2,2,0,2,62.98
Leopard,93.88,19,2,1,2,2,1,69.6
Leopard,85.81,6,3,2,0,1,1,54.5
Spotted Deer,76.93,4,1,0,0,0,2,23.97
Spotted Deer,91.96,11,0,0,1,2,1,36.45
Asian Elephant,95.32,10,6,1,1,1,1,65.3
Asian Elephant,64.67,3,5,1,0,1,0,44.67
Asian Elephant,80.75,1,2,2,1,1,1,49.26
Spotted Deer,71.1,12,6,2,0,1,2,65.6
Spotted Deer,61.84,15,3,0,0,2,0,37.31
Spotted Deer,86.07,15,6,1,0,2,2,69.33
Leopard,93.65,14,0,2,2,2,0,64.52
Spotted Deer,66.35,7,4,0,0,2,0,35.49
Leopard,91.68,17,1,0,0,0,1,37.47
Asian Elephant,93.28,19,0,2,0,2,1,65.94
Asian Elephant,95.66,7,3,1,1,1,2,60.81
Asian Elephant,70.35,3,2,0,0,1,1,32.98
Tiger,95.25,3,6,2,2,1,0,71.44
Tiger,72.51,18,0,0,2,1,1,50.57
Wild Boar,81.54,20,2,1,0,0,2,52.09
Wild Boar,61.97,14,4,2,0,1,0,53.91
Wild Boar,61.71,3,3,1,0,1,2,44.7
Tiger,88.09,7,3,1,2,1,1,57.74
Tiger,77.33,7,6,0,1,2,0,53.59
Wild Boar,70.0,5,1,1,1,2,2,45.49
Wild Boar,67.43,3,5,0,0,0,1,30.11
Spotted Deer,86.13,18,3,2,1,0,1,57.77
Wild Boar,60.02,15,0,2,2,0,2,57.25
Spotted Deer,91.43,20,0,0,0,1,0,29.73
Leopard,63.09,14,0,0,1,0,2,39.72
Tiger,67.47,4,4,0,0,2,1,45.38
Wild Boar,75.06,8,3,1,0,2,2,50.35
Tiger,78.91,13,3,2,2,2,1,77.39
Tiger,73.84,8,0,2,2,1,0,52.06
Tiger,72.51,15,6,1,1,1,2,79.94
Leopard,97.59,17,1,0,2,0,0,44.64
Asian Elephant,85.02,5,6,2,0,0,2,59.67
Wild Boar,60.91,20,1,1,2,0,1,53.41
Asian Elephant,76.78,4,3,0,1,0,0,31.5
Asian Elephant,94.13,11,6,2,1,1,1,76.58
Asian Elephant,71.76,18,3,0,1,2,2,69.78
Tiger,63.69,10,2,1,2,1,1,55.57
Spotted Deer,89.58,17,3,2,2,0,2,67.49
Tiger,83.63,15,6,0,2,1,0,65.97
Tiger,82.24,6,0,0,2,2,1,49.5
Asian Elephant,62.09,16,5,0,2,1,1,64.28
Tiger,65.48,15,4,1,1,2,2,72.85
Asian Elephant,84.28,8,3,0,1,0,2,48.08
Spotted Deer,68.11,9,3,2,2,1,2,66.63
Wild Boar,79.66,11,0,2,0,0,0,33.98
Asian Elephant,81.25,2,2,0,1,0,1,29.39
Spotted Deer,71.06,13,5,1,0,2,2,61.7
Wild Boar,96.99,4,3,2,0,2,2,61.34
Leopard,92.86,9,1,2,1,0,1,53.31
Asian Elephant,88.17,5,1,2,0,2,0,46.01
Asian Elephant,63.04,19,1,0,0,2,1,48.53
Leopard,64.14,3,4,2,1,0,2,58.98
Leopard,79.22,3,4,0,1,0,1,38.25
Asian Elephant,66.27,6,5,0,2,2,2,62.68
Leopard,98.15,10,3,0,1,0,2,50.03
Tiger,66.18,5,3,0,0,0,1,32.13
Wild Boar,79.01,3,3,0,1,2,1,43.11
Wild Boar,74.2,7,4,2,2,1,0,58.78
Wild Boar,84.94,18,5,0,1,1,2,64.57
Tiger,65.03,8,3,0,0,0,2,39.84
Leopard,76.78,1,0,0,1,2,2,36.0
Spotted Deer,70.71,4,2,0,0,0,2,27.03
Leopard,94.62,7,6,0,1,2,2,65.82
Asian Elephant,61.58,14,1,0,2,0,1,45.08
Wild Boar,95.64,13,1,2,2,0,2,58.4
Leopard,92.49,10,0,0,1,2,1,42.13
Spotted Deer,71.61,18,3,0,0,0,0,31.01
Asian Elephant,90.78,1,5,2,2,1,2,71.11
Tiger,61.22,4,5,2,0,1,0,50.76
Tiger,97.71,16,4,1,1,2,1,70.45
Spotted Deer,80.54,16,3,2,2,0,1,62.98
Asian Elephant,71.83,18,5,2,2,1,0,75.0
Wild Boar,74.14,8,3,0,0,2,2,47.92
Leopard,62.59,10,1,1,2,2,1,52.81
Asian Elephant,98.58,16,6,0,0,2,1,62.67
Tiger,61.53,11,6,1,0,1,1,61.18
Spotted Deer,85.54,6,6,0,1,1,1,48.54
Spotted Deer,77.27,1,1,2,0,1,1,33.32
Leopard,97.01,12,4,2,2,1,1,72.04
Spotted Deer,69.59,6,6,1,0,0,0,40.23
Spotted Deer,80.75,13,1,0,2,1,2,46.88
Asian Elephant,78.81,17,3,0,0,2,2,57.42
Wild Boar,87.41,1,6,2,1,0,2,58.52
Leopard,62.65,8,0,2,1,1,2,50.96
Asian Elephant,67.56,8,4,1,0,0,0,39.01
Wild Boar,68.37,11,0,2,0,2,0,45.6
Asian Elephant,88.79,14,3,1,0,1,2,60.16
Asian Elephant,67.38,10,4,1,1,0,1,51.51
Spotted Deer,82.37,15,0,1,0,1,2,41.54
Wild Boar,68.39,7,4,1,0,0,1,43.67
Leopard,93.6,7,3,2,2,0,1,62.26
Leopard,96.75,10,5,1,1,2,0,64.67
Wild Boar,80.22,4,6,2,1,2,1,68.47
Spotted Deer,73.74,18,4,1,0,1,0,49.4
Tiger,69.13,10,6,2,0,1,2,68.02
Asian Elephant,61.94,19,6,1,2,0,0,67.15
Spotted Deer,70.47,14,5,2,0,2,1,68.85
Wild Boar,85.52,13,3,0,1,2,1,52.11
Asian Elephant,80.81,15,4,1,2,0,1,61.53
Leopard,96.82,16,4,1,1,2,2,75.27
Tiger,75.45,2,5,0,0,2,0,40.93
Leopard,87.06,4,1,0,2,0,2,37.95
Wild Boar,79.08,18,5,1,1,1,0,62.14
Asian Elephant,79.99,17,5,2,1,1,2,82.88
Wild Boar,70.44,10,5,1,1,1,2,63.05
Asian Elephant,77.74,9,3,2,0,0,1,48.98
Spotted Deer,78.36,15,2,0,0,1,2,40.68
Tiger,87.56,12,5,2,0,0,2,69.84
Spotted Deer,96.68,9,4,1,0,0,0,38.85
Spotted Deer,72.84,14,0,0,1,2,2,43.23
Wild Boar,61.65,13,1,0,2,2,1,46.76
Tiger,79.36,6,5,1,0,1,2,61.2
Asian Elephant,81.23,19,5,1,2,0,0,69.51
Asian Elephant,66.57,4,1,0,1,1,0,30.42
Leopard,89.66,20,5,2,0,1,2,83.44
Asian Elephant,98.41,17,4,2,1,2,2,84.02
Wild Boar,96.89,19,2,2,0,1,0,59.46
Spotted Deer,67.69,3,5,1,0,1,1,43.73
Spotted Deer,94.14,14,1,0,2,2,2,53.74
Spotted Deer,87.48,17,5,2,1,1,1,68.54
Tiger,77.7,13,3,0,1,1,1,50.35
Asian Elephant,81.08,9,4,2,1,0,2,64.85
Wild Boar,93.13,1,4,0,2,1,1,42.57
Tiger,78.73,17,2,1,2,2,0,68.95
Leopard,74.56,16,3,1,1,2,1,61.8
Wild Boar,79.24,18,3,1,1,0,0,50.81
Wild Boar,82.59,2,2,2,0,2,2,49.04
Wild Boar,67.37,14,6,1,0,2,1,68.54
Spotted Deer,95.14,17,6,1,2,2,0,74.5
Wild Boar,86.29,3,0,1,0,1,0,22.68
Asian Elephant,84.7,2,6,0,1,0,2,50.78
Wild Boar,63.88,8,5,0,1,0,1,41.68
Spotted Deer,83.56,2,3,0,0,0,0,18.33
Wild Boar,64.72,2,0,0,0,0,0,10.88
Leopard,63.07,9,0,0,2,2,2,46.79
Leopard,80.57,20,4,0,0,1,1,54.86
Spotted Deer,75.71,6,5,0,2,2,1,49.06
Asian Elephant,82.96,12,4,1,0,2,0,55.94
Asian Elephant,63.48,9,1,1,0,2,1,41.16
Tiger,76.81,7,6,2,0,2,1,73.77
Spotted Deer,66.82,12,4,1,0,0,1,38.78
Wild Boar,98.5,5,3,0,1,0,1,37.52
Spotted Deer,81.88,16,3,0,1,1,1,48.46
Tiger,86.81,5,5,2,1,2,1,75.83
Spotted Deer,72.69,12,0,1,0,0,1,32.67
Spotted Deer,63.69,20,3,1,2,1,0,58.76
Tiger,98.06,9,6,2,0,2,0,70.85
Asian Elephant,71.16,7,4,0,1,2,1,54.0
Wild Boar,76.53,19,6,0,2,0,1,63.67
Tiger,85.34,20,4,0,2,2,2,79.31
Leopard,60.96,11,5,0,1,2,0,50.55
Asian Elephant,91.6,12,6,2,0,0,2,74.53
Leopard,80.93,3,4,1,2,1,0,48.91
Asian Elephant,70.85,17,6,0,2,1,2,71.25
Wild Boar,62.4,7,2,1,1,0,2,44.29
Wild Boar,66.34,10,5,1,2,0,2,58.4
Spotted Deer,94.91,15,5,0,2,1,0,54.38
Leopard,86.75,2,3,0,2,1,0,42.7
Asian Elephant,69.75,13,5,0,0,0,1,46.75
Wild Boar,62.56,4,1,1,0,0,0,22.22
Tiger,86.93,18,3,2,1,0,0,61.77
Wild Boar,82.32,1,3,0,0,2,0,27.86
Tiger,75.78,2,6,1,2,0,0,55.25
Asian Elephant,74.18,2,2,1,0,2,1,43.04
Wild Boar,68.46,4,3,0,2,1,1,43.33
Wild Boar,86.11,3,0,2,2,1,0,38.96
Asian Elephant,97.86,17,4,0,0,0,2,56.65
Wild Boar,66.85,14,4,0,0,0,2,49.18
Tiger,83.29,2,5,2,0,1,0,56.33
Wild Boar,76.54,16,6,0,0,1,1,55.71
Leopard,77.42,11,2,0,1,1,2,46.81
Spotted Deer,69.91,13,4,2,0,1,1,55.85
Tiger,92.18,1,0,1,1,0,1,34.93
Leopard,78.92,2,2,1,2,2,2,56.6
Asian Elephant,81.19,2,1,1,1,1,0,34.71
Tiger,71.89,5,4,1,2,1,1,63.55
Spotted Deer,67.09,4,3,1,1,2,2,48.48
Spotted Deer,63.35,12,0,0,1,0,1,24.57
Asian Elephant,87.85,3,6,2,2,2,2,82.69
Asian Elephant,67.65,20,6,1,1,0,0,67.84
Tiger,86.91,10,0,2,2,0,0,49.85
Wild Boar,75.22,20,4,1,0,0,0,46.19
Asian Elephant,76.22,18,5,0,2,0,1,57.47
Wild Boar,78.3,10,1,1,1,0,0,40.22
Leopard,74.34,1,3,1,0,1,0,30.52
Spotted Deer,63.92,6,1,2,1,0,0,32.99
Wild Boar,72.08,11,1,2,0,1,0,39.86
Spotted Deer,85.89,2,4,0,2,0,2,40.07
Wild Boar,85.97,7,3,2,0,1,2,56.03
Leopard,71.16,20,4,2,0,2,1,69.85
Asian Elephant,77.94,18,4,2,0,2,2,81.07
Leopard,67.54,19,5,0,1,1,2,66.5
Asian Elephant,68.2,4,0,0,0,0,2,24.2
Asian Elephant,60.9,13,6,0,2,1,2,66.97
Spotted Deer,94.97,18,5,2,2,1,2,84.33
Leopard,68.22,20,6,2,2,0,0,75.23
Wild Boar,68.87,13,5,0,0,2,1,56.98
Leopard,70.9,19,4,2,2,1,2,81.84
Spotted Deer,64.97,17,5,2,1,2,2,78.15
Asian Elephant,84.93,1,6,1,2,2,1,64.23
Spotted Deer,62.93,6,5,0,0,2,2,45.18
Tiger,65.23,19,2,0,2,1,2,65.41
Tiger,85.15,20,3,2,0,1,1,72.58
Wild Boar,73.25,1,0,2,0,0,0,28.38
Spotted Deer,87.61,8,6,1,2,0,0,52.93
Wild Boar,81.74,17,3,0,1,1,1,54.26
Wild Boar,69.98,15,0,0,1,0,0,29.53
Tiger,85.38,18,2,2,2,2,0,74.09
Wild Boar,64.53,7,4,0,0,2,0,34.89
Tiger,80.92,16,6,2,2,1,0,80.22
Asian Elephant,77.05,7,0,1,0,2,2,44.4
Spotted Deer,70.45,17,0,2,0,1,1,48.45
Wild Boar,83.56,4,0,1,0,1,0,28.74
Tiger,93.98,12,2,2,1,1,0,57.99
Leopard,98.96,13,3,1,1,2,1,66.72
Wild Boar,83.7,4,2,1,2,1,2,50.84
Asian Elephant,75.78,1,0,0,1,1,0,25.91
Asian Elephant,68.78,1,5,2,0,0,0,43.47
Leopard,70.03,7,0,0,0,2,2,38.2
Tiger,78.7,9,5,0,2,1,1,62.96
Wild Boar,74.32,1,4,2,0,0,0,39.36
Tiger,95.64,16,2,0,2,1,0,53.97
Asian Elephant,74.36,18,5,0,2,2,1,73.26
Tiger,74.56,15,2,0,0,0,2,43.6
Asian Elephant,74.96,6,1,2,1,0,1,42.39
Tiger,92.63,2,3,0,0,1,0,35.48
Leopard,85.38,9,1,0,0,1,2,36.96
Spotted Deer,83.95,4,5,0,2,2,2,58.58
Leopard,73.03,13,1,2,1,2,2,67.29
Leopard,91.9,11,6,1,2,1,1,71.56
Spotted Deer,61.5,13,3,1,0,0,1,36.8
Spotted Deer,93.96,11,5,1,2,2,1,66.62
Wild Boar,80.0,19,4,1,2,2,0,69.42
Wild Boar,75.53,8,4,0,0,0,1,35.72
Leopard,79.39,7,3,2,2,1,2,66.68
Leopard,86.03,16,3,0,0,2,0,49.82
Asian Elephant,60.5,3,5,2,2,0,0,56.34
Asian Elephant,93.99,17,2,0,1,2,0,53.99
Wild Boar,77.42,18,6,1,0,0,2,63.86
Wild Boar,73.38,15,5,1,1,2,1,69.6
Asian Elephant,65.39,17,2,2,2,1,2,75.6
Asian Elephant,77.14,11,2,0,1,0,1,35.96
Tiger,79.36,5,2,1,1,2,0,49.07
Tiger,75.74,16,5,2,1,2,0,80.55
Asian Elephant,86.47,15,0,0,2,0,2,50.34
Tiger,76.41,10,0,2,0,0,1,46.41
Spotted Deer,97.5,14,4,0,2,1,0,48.74
Wild Boar,83.37,2,0,0,2,0,2,32.25
Wild Boar,91.49,16,0,0,2,2,2,56.67
Asian Elephant,64.26,19,2,2,0,1,1,61.21
Leopard,75.49,8,2,2,2,0,1,54.62
Asian Elephant,73.14,15,3,0,2,2,1,59.21
Tiger,82.21,10,2,1,0,0,0,39.14
Leopard,93.58,5,5,0,0,2,2,53.41
Tiger,63.06,20,3,2,0,2,1,73.56
Spotted Deer,62.83,16,6,0,1,1,2,59.3
Tiger,93.16,12,3,2,0,1,0,54.4
Spotted Deer,68.3,13,0,0,1,0,0,24.83
Spotted Deer,86.08,9,2,0,1,1,1,37.88
Tiger,81.17,17,0,1,2,0,0,48.3
Tiger,92.48,20,2,1,1,1,2,69.66
Spotted Deer,64.88,12,0,2,2,1,2,53.17
Leopard,65.06,5,6,0,1,0,0,39.52
Spotted Deer,81.72,12,0,2,0,1,0,39.15
Wild Boar,96.91,1,0,0,2,1,0,31.22
Spotted Deer,76.18,20,5,0,1,1,2,61.56
Leopard,72.75,16,6,0,2,1,0,61.73
Wild Boar,83.66,12,4,1,0,0,1,50.25
Asian Elephant,96.29,9,6,2,1,2,1,76.33
Asian Elephant,92.64,13,0,0,1,0,2,42.48
Leopard,98.82,17,1,0,0,0,0,32.8
Spotted Deer,60.88,17,1,2,1,0,0,43.71
Tiger,64.4,4,1,2,1,1,0,46.77
Leopard,83.77,14,5,0,2,1,1,59.41
Wild Boar,92.0,19,3,1,1,2,1,69.83
Wild Boar,71.12,7,0,1,0,1,1,33.65
Asian Elephant,69.33,3,6,0,1,2,1,54.48
Wild Boar,90.69,1,1,1,2,2,1,50.46
Leopard,62.2,12,5,2,1,1,2,71.37
Wild Boar,74.41,15,3,1,2,2,2,68.67
Leopard,79.73,11,1,2,1,0,0,43.81
Tiger,81.85,10,2,2,2,0,0,57.53
Asian Elephant,88.42,2,4,2,2,0,1,57.99
Wild Boar,73.84,4,0,2,1,2,0,41.03
Leopard,83.89,17,4,1,0,2,2,67.94
Spotted Deer,82.83,17,4,2,0,0,2,61.61
Asian Elephant,81.36,8,2,0,1,1,0,37.35
Tiger,84.98,14,2,2,1,0,1,58.03
Leopard,70.12,4,2,0,1,1,2,38.19
Tiger,63.3,6,3,2,1,1,0,52.37
Tiger,64.65,19,1,2,1,2,1,71.77
Wild Boar,68.76,4,6,1,0,2,0,48.77
Wild Boar,79.51,3,0,2,2,1,1,44.55
Leopard,92.78,20,2,2,2,1,1,74.7
Spotted Deer,87.35,6,5,1,0,1,2,51.75
Leopard,90.77,7,0,1,0,2,2,44.48
Spotted Deer,73.69,14,6,0,2,0,0,46.32
Tiger,75.78,12,0,1,0,1,0,40.01
Asian Elephant,75.35,16,0,0,1,2,1,45.51
Leopard,67.48,20,2,2,0,0,2,63.2
Leopard,62.39,8,2,0,0,2,1,35.88
Spotted Deer,83.05,2,1,1,0,0,1,20.77
Tiger,98.58,13,6,2,0,2,1,79.99
Tiger,66.51,8,2,0,2,0,1,40.99
Spotted Deer,61.82,20,2,0,2,1,1,48.83
Tiger,90.4,16,0,0,2,2,1,57.2
Wild Boar,69.85,4,1,2,2,0,0,39.47
Asian Elephant,92.36,16,4,0,1,0,2,56.59
Leopard,87.45,20,2,0,1,0,2,55.17
Asian Elephant,96.88,6,5,1,2,1,1,65.26
Leopard,75.95,4,2,0,2,2,1,46.8
Wild Boar,85.82,16,4,2,2,0,1,69.61
Tiger,78.13,13,0,1,0,1,2,48.22
Spotted Deer,84.59,5,6,2,1,1,2,64.13
Wild Boar,77.53,15,1,1,1,1,1,49.39
Asian Elephant,67.36,8,0,1,0,1,2,39.87
Spotted Deer,79.81,7,6,0,0,1,1,42.51
Tiger,80.61,14,3,2,0,1,1,62.86
Wild Boar,91.61,7,2,0,1,1,1,39.76
Spotted Deer,88.69,7,6,1,0,2,0,50.99
Wild Boar,85.89,18,5,0,0,2,2,68.52
Wild Boar,64.42,10,6,1,0,1,2,57.29
Tiger,88.1,18,3,1,2,0,2,70.73
Leopard,79.51,14,2,2,0,0,1,49.95
Spotted Deer,94.87,10,3,2,2,0,0,51.5
Tiger,95.87,7,4,2,1,1,1,65.3
Wild Boar,62.15,7,2,2,1,0,1,47.22
Tiger,92.01,7,5,0,1,2,1,56.82
Leopard,61.47,5,2,2,2,2,0,57.42
Spotted Deer,74.32,1,3,2,0,2,1,46.9
Leopard,81.15,14,1,2,1,2,1,68.16
Asian Elephant,65.78,18,3,1,0,1,0,54.85
Spotted Deer,89.11,13,2,1,2,2,1,57.3
Leopard,60.33,8,2,2,1,0,1,51.18
Wild Boar,66.58,8,6,1,0,0,2,52.69
Spotted Deer,82.65,10,1,1,0,2,0,37.35
Spotted Deer,87.86,17,0,0,1,2,2,52.01
Tiger,95.75,6,1,1,0,2,1,46.9
Wild Boar,87.51,15,0,0,2,0,0,35.64
Asian Elephant,86.2,15,5,1,1,0,0,53.63
Leopard,75.38,16,2,2,1,2,1,70.41
Tiger,60.05,8,6,1,1,0,2,66.71
Leopard,64.69,19,4,1,1,0,1,60.58
Asian Elephant,80.85,20,4,0,2,1,0,63.74
Asian Elephant,86.33,15,3,2,2,2,0,75.66
Spotted Deer,76.28,3,1,0,0,2,1,25.01
Asian Elephant,88.5,6,1,2,2,1,1,58.64
Leopard,80.35,8,4,2,0,1,1,58.93
Wild Boar,62.89,16,0,0,0,0,1,26.04
Wild Boar,67.49,15,1,1,1,1,2,56.68
Spotted Deer,92.76,13,0,2,0,2,2,54.19
Leopard,88.27,20,0,1,1,2,2,64.69
Leopard,94.9,15,0,0,0,2,2,47.95
Asian Elephant,64.58,18,0,0,2,0,0,38.66
Leopard,98.62,13,6,0,1,0,0,57.81
Tiger,68.17,8,3,0,0,2,2,49.83
Asian Elephant,60.46,14,3,2,2,2,1,70.97
Tiger,98.9,11,6,0,2,0,0,58.31
Spotted Deer,70.96,6,4,1,1,0,1,39.51
Wild Boar,86.05,1,3,1,1,1,2,48.02
Spotted Deer,66.89,2,5,2,1,0,0,43.79
Wild Boar,82.63,13,6,0,0,0,0,40.73
Spotted Deer,95.26,1,1,2,1,2,0,41.13
Leopard,72.49,4,5,2,2,2,0,66.85
Tiger,86.14,2,6,2,2,2,2,80.79
Wild Boar,67.33,20,3,0,1,1,0,47.86
Asian Elephant,84.37,16,1,1,1,0,2,55.54
Tiger,73.12,3,1,1,2,1,0,42.28
Asian Elephant,68.24,17,0,2,0,0,2,53.37
Tiger,72.21,5,4,2,2,0,2,67.61
Tiger,66.97,8,0,1,2,2,1,52.05
Spotted Deer,95.17,12,6,1,2,0,2,64.07
Wild Boar,75.49,12,0,0,1,1,1,33.91
Wild Boar,69.57,1,5,2,0,2,0,48.5
Tiger,77.49,1,3,0,0,1,1,37.71
Leopard,72.5,15,5,1,1,1,2,66.3
Leopard,89.03,17,3,1,2,2,1,73.48
Asian Elephant,97.88,2,5,1,1,0,0,44.65
Asian Elephant,77.08,17,1,1,1,1,1,57.09
Spotted Deer,93.58,20,3,0,0,0,2,46.46
Tiger,82.07,9,3,1,0,2,2,61.39
Asian Elephant,66.13,12,5,2,1,0,0,60.49
Asian Elephant,86.93,4,2,1,1,0,0,39.13
Tiger,80.02,13,1,2,0,2,1,59.76
Spotted Deer,85.37,4,6,1,0,0,0,36.52
Asian Elephant,94.7,7,1,0,2,1,2,50.8
Spotted Deer,77.18,14,6,2,1,1,1,66.03
Wild Boar,95.15,9,2,0,2,1,1,43.74
Spotted Deer,89.28,1,5,1,2,0,1,47.65
Leopard,79.06,1,5,0,2,1,1,50.45
Leopard,83.53,20,1,1,0,0,0,43.52
Spotted Deer,72.7,4,5,0,2,0,1,40.1
Leopard,98.36,1,4,0,0,0,1,32.17
Wild Boar,86.03,10,4,2,0,0,1,56.85
Tiger,61.71,2,6,1,0,2,2,65.15
Leopard,72.74,15,2,0,1,1,2,52.52
Leopard,84.31,3,3,1,2,1,0,46.25
Spotted Deer,62.2,9,4,2,0,0,2,48.6
Wild Boar,60.93,17,6,0,1,2,2,69.98
Tiger,77.55,13,5,1,1,0,0,53.96
Spotted Deer,72.97,3,2,0,1,1,0,21.92
Spotted Deer,77.09,4,6,0,0,1,1,38.22
Wild Boar,70.25,4,6,0,0,2,1,48.33
Tiger,66.42,11,4,0,0,0,0,40.09
Wild Boar,86.88,7,0,2,1,2,1,52.95
Tiger,80.07,11,2,2,0,0,1,53.23
Wild Boar,67.81,11,1,1,2,2,1,56.8
Spotted Deer,72.46,10,6,1,0,1,0,48.88
Spotted Deer,83.08,5,4,0,0,2,2,43.19
Asian Elephant,62.82,13,1,0,2,1,2,53.44
Leopard,65.75,12,2,0,0,1,0,35.47
Wild Boar,62.86,10,4,2,0,0,0,46.32
Asian Elephant,91.68,7,1,0,0,2,1,39.67
Leopard,89.34,19,3,1,0,2,0,60.46
Wild Boar,89.38,19,6,0,1,2,0,65.76
Tiger,87.94,19,3,2,0,2,0,65.86
Leopard,86.11,12,0,0,2,0,0,35.2
Spotted Deer,78.6,20,5,2,2,0,1,74.41
Asian Elephant,85.05,15,2,2,1,0,1,61.86
Leopard,61.5,5,5,2,0,1,0,51.61
Leopard,84.24,14,5,2,2,1,0,73.07
Spotted Deer,90.34,12,1,1,1,1,2,48.93
Wild Boar,79.51,11,0,2,0,0,2,45.27
Tiger,73.94,5,2,1,1,1,0,44.41
Spotted Deer,70.82,16,3,1,0,2,2,58.66
Tiger,85.07,18,5,0,1,1,2,71.69
Wild Boar,87.02,12,1,0,1,0,1,34.76
Leopard,93.97,5,5,2,2,0,1,67.19
Tiger,73.35,16,4,0,2,0,1,56.81
Asian Elephant,90.02,12,3,2,1,0,2,66.25
Asian Elephant,81.89,2,5,0,0,2,0,40.35
Spotted Deer,94.43,6,4,2,0,1,1,51.55
Wild Boar,80.58,4,4,0,0,1,2,46.04
Spotted Deer,80.19,13,1,0,0,0,0,22.94
Spotted Deer,82.54,10,1,1,0,1,1,37.17
Spotted Deer,89.22,17,4,0,2,2,2,69.9
Asian Elephant,97.62,14,0,0,1,0,1,33.69
Asian Elephant,62.87,15,5,2,2,1,2,81.72
Spotted Deer,62.08,8,4,1,0,1,1,41.1
Asian Elephant,96.56,18,4,2,1,1,2,79.31
Wild Boar,80.67,3,1,0,0,1,0,17.93
Spotted Deer,83.98,17,5,2,0,0,1,59.3
Asian Elephant,78.81,7,2,1,1,0,1,44.97
Tiger,63.65,13,3,2,0,2,2,70.17
Spotted Deer,89.96,16,1,0,2,0,0,37.77
Spotted Deer,89.14,5,5,2,2,1,0,58.55
Wild Boar,72.16,4,5,0,2,1,1,51.56
Leopard,71.94,10,6,1,0,1,2,62.03
Leopard,92.68,13,0,1,2,2,1,54.94
Wild Boar,62.82,10,3,2,0,0,2,49.2
Wild Boar,94.36,14,1,1,0,0,0,35.24
Wild Boar,70.01,12,1,2,2,0,1,51.86
Leopard,83.13,1,2,0,2,1,2,43.45
Wild Boar,96.5,20,6,2,0,1,0,73.96
Asian Elephant,86.45,20,6,0,0,1,2,65.39
Spotted Deer,76.16,7,0,1,0,2,1,37.59
Spotted Deer,86.89,9,6,0,0,2,2,53.84
Tiger,73.42,8,0,0,2,1,1,39.23
Tiger,70.81,13,5,0,0,2,0,52.78
Spotted Deer,98.87,14,5,0,0,2,2,61.65
Asian Elephant,89.28,12,1,0,0,2,0,37.66
Leopard,85.14,8,2,2,0,0,0,40.69
Leopard,73.86,18,1,0,0,2,1,46.04
Asian Elephant,61.92,16,6,0,1,1,1,63.55
Leopard,61.21,11,4,0,1,0,0,37.6
Wild Boar,81.61,16,5,0,1,2,1,63.33
Spotted Deer,89.72,14,4,0,2,1,0,49.38
Spotted Deer,80.96,3,6,0,0,2,1,43.47
Asian Elephant,92.79,2,2,1,2,1,1,49.37
Leopard,61.3,3,1,2,0,1,2,49.44
Tiger,74.3,4,5,0,1,2,2,65.08
Tiger,69.25,5,2,2,0,2,1,53.09
Leopard,77.44,10,1,1,2,0,0,39.93
Tiger,62.82,20,1,1,2,2,0,63.28
Asian Elephant,97.21,2,4,0,0,1,0,30.56
Asian Elephant,68.71,12,3,2,2,0,1,63.21
Leopard,95.97,5,6,0,1,1,1,57.63
Tiger,76.61,5,0,1,0,1,0,30.43
Asian Elephant,98.44,1,5,1,1,2,2,67.26
Asian Elephant,81.61,4,0,2,1,1,2,54.71
Wild Boar,96.3,12,2,0,2,2,0,48.6
Wild Boar,60.21,12,0,2,0,1,1,44.38
Asian Elephant,89.18,16,4,2,1,0,1,68.78
Leopard,95.22,17,3,1,1,2,0,64.47
Spotted Deer,65.45,10,5,2,0,0,2,56.97
Spotted Deer,63.75,17,6,1,2,2,0,70.23
Asian Elephant,76.56,17,1,0,1,0,0,35.89
Asian Elephant,96.41,18,1,2,0,2,0,61.35
Asian Elephant,81.15,2,6,2,0,0,2,62.68
Leopard,80.57,4,4,0,1,0,0,37.15
Wild Boar,65.5,19,5,2,1,2,2,83.82
Asian Elephant,60.03,11,0,0,1,2,1,39.94
Asian Elephant,91.6,17,6,1,2,1,2,85.62
Tiger,63.42,12,1,1,2,1,2,61.34
Leopard,84.72,2,0,2,0,2,0,40.2
Asian Elephant,95.67,6,4,1,0,2,1,57.96
Tiger,68.14,9,1,1,1,0,0,35.98
Spotted Deer,85.95,5,2,0,0,0,2,29.69
Asian Elephant,63.07,20,3,1,2,1,2,73.2
Asian Elephant,83.55,9,0,1,0,1,0,36.8
Tiger,66.39,8,6,1,0,1,1,58.36
Leopard,88.7,20,5,0,1,0,2,65.51
Asian Elephant,71.75,8,0,2,1,0,2,50.42
Spotted Deer,78.07,6,0,0,2,0,2,30.23
Asian Elephant,83.38,3,0,2,0,1,1,39.19
Spotted Deer,66.68,5,6,2,0,2,0,55.47
Wild Boar,88.92,9,4,1,0,1,1,48.83
Wild Boar,71.8,7,4,1,1,0,1,45.67
Spotted Deer,85.83,4,5,0,2,1,2,51.25
Leopard,66.17,7,4,0,0,1,1,40.86
Asian Elephant,86.84,5,6,0,0,1,2,54.79
Asian Elephant,65.0,11,5,1,0,1,1,52.69
Wild Boar,76.59,15,5,2,0,0,1,59.34
Spotted Deer,69.64,2,4,0,2,1,0,33.02
Asian Elephant,89.19,13,1,2,2,0,1,59.62
Asian Elephant,70.22,16,4,1,2,1,0,59.16
Leopard,94.39,7,1,1,1,0,2,48.51
Tiger,94.78,8,2,1,0,2,2,58.75
Wild Boar,67.66,6,4,1,0,0,0,34.55
Wild Boar,83.94,7,2,2,0,0,2,50.25
Tiger,63.42,18,4,2,0,2,2,79.81
Asian Elephant,75.27,20,2,0,2,2,1,64.64
Leopard,87.82,7,3,2,1,2,0,59.54
Leopard,85.72,3,2,2,1,2,2,62.17
Wild Boar,84.36,5,1,2,0,2,0,45.15
Leopard,71.02,1,0,0,2,2,1,37.48
Tiger,74.74,15,5,2,1,1,2,84.01
Asian Elephant,64.01,3,2,2,1,1,2,55.46
Tiger,88.04,8,0,2,0,2,0,49.9
Spotted Deer,79.65,9,6,1,1,0,2,56.77
Wild Boar,87.64,15,3,2,0,0,0,51.19
Leopard,69.71,10,3,0,2,2,2,61.0
Spotted Deer,72.65,2,6,0,0,1,1,35.73
Leopard,73.03,20,6,0,1,1,1,64.38
Asian Elephant,61.0,5,6,0,0,0,0,36.41
Asian Elephant,73.3,19,1,1,0,2,2,62.45
Asian Elephant,91.33,13,6,0,0,1,2,64.95
Leopard,94.99,11,1,1,0,2,0,45.33
Spotted Deer,80.21,1,2,1,0,2,1,33.77
Asian Elephant,77.76,15,4,1,0,0,1,53.13
Spotted Deer,61.2,18,6,0,1,2,1,62.69
Leopard,94.29,16,6,0,0,2,0,55.15
Spotted Deer,60.51,9,3,1,1,0,1,39.55
Leopard,96.85,1,0,1,0,1,0,28.56
Leopard,79.08,11,4,0,2,2,1,61.25
Wild Boar,73.34,9,3,2,0,0,1,46.99
Leopard,96.04,11,2,2,1,1,0,53.88
Leopard,60.95,13,6,2,1,2,2,82.1
Tiger,82.68,2,3,0,2,1,2,49.46
Asian Elephant,81.41,14,1,0,0,0,2,41.42
Wild Boar,68.55,6,0,1,2,2,1,46.72
Wild Boar,76.73,8,0,0,0,0,1,25.13
Wild Boar,85.44,18,1,0,0,0,2,37.69
Tiger,88.36,16,6,0,1,2,1,70.96
Leopard,60.03,12,6,1,2,0,1,64.97
Asian Elephant,96.54,11,4,1,2,1,2,73.8
Spotted Deer,66.42,6,1,2,1,0,0,34.7
Leopard,69.11,3,6,2,1,2,2,71.26
Tiger,70.28,14,0,0,2,2,2,56.35
Leopard,61.47,2,6,0,1,1,0,36.72
Leopard,64.8,11,2,1,0,2,1,49.87
Tiger,98.47,3,6,2,2,0,2,77.26
Wild Boar,72.29,18,4,2,2,0,2,74.92
Wild Boar,64.5,1,5,2,1,2,1,61.4
Asian Elephant,64.17,1,3,0,0,1,1,32.64
Asian Elephant,88.06,12,5,0,2,1,0,56.63
Wild Boar,93.33,15,2,0,2,2,1,53.08
Spotted Deer,70.02,5,5,1,0,0,2,46.13
Leopard,60.82,6,6,2,1,2,1,70.97
Spotted Deer,68.7,16,4,1,1,2,1,58.45
Leopard,62.2,12,0,2,1,1,0,47.02
Wild Boar,64.03,12,0,0,1,0,0,24.92
Asian Elephant,76.83,3,2,1,0,1,2,46.95
Asian Elephant,68.97,2,5,1,0,1,2,53.26
Spotted Deer,80.12,7,4,0,2,0,1,41.86
Asian Elephant,69.89,2,3,2,2,0,2,58.67
Wild Boar,96.68,7,6,2,0,0,2,62.16
Spotted Deer,95.33,11,5,2,2,2,1,76.54
Leopard,82.11,11,5,2,0,0,1,59.45
Asian Elephant,73.82,14,3,0,1,2,1,53.87
Tiger,74.86,3,1,0,0,1,0,23.92
Asian Elephant,76.06,14,6,0,0,0,0,43.79
Leopard,88.38,11,2,0,2,2,1,57.42
Spotted Deer,77.61,4,6,1,0,2,0,50.72
Leopard,93.41,17,4,1,1,2,0,68.43
Tiger,96.82,16,2,1,1,2,0,62.64
Wild Boar,73.1,3,3,0,2,1,2,46.55
Asian Elephant,81.87,10,4,2,2,0,1,65.55
Spotted Deer,63.71,15,0,1,0,0,1,29.0
Wild Boar,67.82,8,0,1,2,0,2,47.4
Leopard,76.13,18,6,0,1,0,0,52.0
Spotted Deer,68.04,3,4,2,2,0,1,48.67
Wild Boar,94.19,7,2,2,2,0,0,49.66
Spotted Deer,66.17,10,2,2,1,2,2,60.23
Tiger,77.77,20,0,0,0,0,0,35.48
Tiger,83.62,9,0,2,0,2,2,57.68
Asian Elephant,86.98,14,3,1,2,1,2,65.98
Asian Elephant,74.94,14,4,1,1,2,0,61.29
Tiger,93.89,11,2,1,1,1,0,51.18
Spotted Deer,82.16,1,3,0,1,0,1,26.35
Tiger,77.14,4,2,2,0,1,2,54.35
Asian Elephant,62.62,6,0,0,1,1,0,25.63
Tiger,78.12,5,4,2,1,2,0,60.01
Tiger,92.01,3,1,0,0,2,1,40.36
Spotted Deer,83.97,2,4,1,1,1,1,46.72
Wild Boar,92.45,3,5,0,0,1,1,43.62
Asian Elephant,79.27,9,1,0,2,0,2,42.43
Spotted Deer,64.62,19,6,0,2,2,1,68.4
Tiger,60.53,19,6,1,2,1,2,82.72
Tiger,71.83,17,3,0,2,2,1,64.56
Wild Boar,87.22,18,1,0,2,0,2,49.97
Asian Elephant,90.82,11,1,1,0,0,1,45.92
Asian Elephant,71.53,12,3,2,0,1,2,62.98
Leopard,79.33,3,4,0,0,0,1,30.97
Asian Elephant,76.42,18,3,1,1,1,1,62.88
Wild Boar,76.01,6,5,0,2,2,0,53.25
Leopard,69.02,7,0,1,1,2,2,49.37
Leopard,65.32,1,6,2,1,1,0,56.17
Tiger,67.67,6,0,2,1,1,2,55.99
Tiger,62.16,18,6,0,2,1,0,63.37
Asian Elephant,67.73,13,1,1,1,2,1,55.18
Leopard,60.36,19,3,2,2,2,0,71.77
Tiger,84.46,7,3,2,2,0,1,60.59
Wild Boar,72.34,19,3,1,2,0,2,68.59
Tiger,97.95,9,5,0,1,2,1,62.35
Tiger,67.55,3,5,2,2,2,0,65.51
Leopard,73.49,12,4,2,2,1,2,75.84
Leopard,73.96,20,2,2,0,2,0,60.04
Spotted Deer,60.33,18,6,0,1,2,1,60.61
Wild Boar,92.73,8,2,2,0,0,1,44.51
Leopard,61.25,9,2,1,0,0,0,33.35
Asian Elephant,96.67,13,6,0,1,1,2,71.58
Wild Boar,94.79,8,4,2,0,0,0,47.44
Wild Boar,80.89,10,3,1,2,1,1,55.9
Leopard,81.2,17,2,1,0,2,2,63.07
Wild Boar,85.5,7,3,0,0,2,0,40.25
Leopard,75.09,17,1,1,2,1,1,59.8
Tiger,85.24,18,2,0,0,0,2,49.62
Spotted Deer,61.75,2,1,0,2,0,0,14.42
Tiger,62.11,3,4,0,1,2,2,53.5
Leopard,77.83,19,0,1,0,0,1,44.34
Leopard,81.44,1,5,0,1,1,0,41.33
Tiger,94.62,10,6,0,0,2,0,59.06
Asian Elephant,64.08,14,4,1,2,0,1,59.01
Asian Elephant,92.08,13,4,0,0,2,1,54.64
Asian Elephant,68.19,9,4,2,1,2,1,68.14
Leopard,75.37,6,2,1,2,0,0,42.56
Wild Boar,72.35,6,1,1,2,1,1,44.89
Leopard,75.61,19,5,1,1,0,0,60.22
Wild Boar,65.87,10,2,2,1,0,0,43.65
Tiger,79.64,3,0,0,0,0,2,26.11
Spotted Deer,91.26,18,6,1,0,0,1,59.73
Wild Boar,77.22,19,6,1,2,0,1,71.33
Asian Elephant,79.13,5,5,1,1,0,2,58.11
Leopard,93.1,11,6,2,1,1,0,68.83
Tiger,87.54,10,6,2,0,2,0,72.14
Asian Elephant,79.13,17,4,2,0,1,0,60.66
Tiger,70.05,4,3,0,2,0,1,40.48
Spotted Deer,94.51,18,0,0,1,1,0,37.31
Leopard,82.5,18,1,2,1,2,2,73.08
Leopard,68.62,1,0,0,1,1,0,20.61
Spotted Deer,70.5,14,2,2,1,0,1,48.17
Leopard,91.32,8,6,0,0,2,1,57.62
Wild Boar,61.72,2,3,0,0,0,0,22.95
Tiger,98.69,19,2,2,0,0,0,58.84
Asian Elephant,65.08,15,5,1,2,2,1,73.92
Spotted Deer,91.05,2,4,1,1,2,0,47.59
Wild Boar,75.4,4,6,0,0,0,2,43.69
Asian Elephant,79.2,1,4,0,1,1,1,40.93
Asian Elephant,94.35,19,0,0,0,2,0,45.95
Spotted Deer,76.1,10,4,0,2,1,0,43.04
Wild Boar,80.96,1,4,0,0,1,0,26.14
Asian Elephant,61.92,20,5,0,2,2,2,76.28
Asian Elephant,60.09,15,1,2,1,1,1,59.41
Wild Boar,69.55,4,1,1,0,2,2,41.62
Leopard,86.54,7,2,1,0,2,0,39.82
Asian Elephant,64.73,7,6,2,0,2,2,75.55
Tiger,64.44,18,2,2,1,2,0,73.22
Wild Boar,76.03,13,1,1,2,1,0,46.94
Asian Elephant,85.27,10,0,1,2,1,1,49.48
Spotted Deer,87.77,8,1,0,0,2,1,30.2
Tiger,66.96,10,2,1,1,2,0,50.42
Asian Elephant,63.1,14,3,0,2,2,0,51.34
Tiger,96.68,14,6,0,2,2,0,68.09
Tiger,70.17,20,4,1,2,0,1,69.14
Leopard,93.28,11,5,0,2,1,1,57.78
Tiger,93.68,6,3,0,2,1,0,44.38
Leopard,90.13,1,3,2,0,2,1,54.28
Wild Boar,66.58,19,4,1,0,0,0,46.44
Leopard,92.05,7,1,2,0,0,2,49.16
Spotted Deer,90.0,18,6,0,2,0,1,59.16
Asian Elephant,83.27,3,0,0,2,2,0,35.61
Wild Boar,73.15,20,3,2,2,0,2,75.25
Wild Boar,70.24,11,0,2,0,2,0,43.22
Spotted Deer,64.75,5,5,2,2,0,2,61.7
Leopard,79.88,19,5,0,0,2,1,61.38
Asian Elephant,82.83,2,5,1,2,2,1,62.45
Leopard,74.01,4,2,0,0,1,0,24.32
Tiger,78.54,10,3,2,1,2,1,66.06
Leopard,74.18,2,5,1,2,0,1,49.5
Wild Boar,85.0,8,2,2,2,1,2,61.32
Asian Elephant,95.15,1,5,0,0,0,1,35.18
Leopard,66.39,6,1,1,2,2,2,58.29
Asian Elephant,74.87,11,3,1,0,1,2,55.39
Asian Elephant,65.49,10,2,0,0,2,2,46.6
Tiger,84.37,13,5,2,1,2,1,78.41
Tiger,88.43,1,6,2,1,0,0,56.48
Wild Boar,96.34,2,2,2,2,0,0,45.39
Spotted Deer,70.88,3,5,0,2,0,1,36.83
Asian Elephant,97.06,9,1,2,0,1,2,58.01
Spotted Deer,62.47,5,0,1,0,0,1,20.17
Wild Boar,83.52,10,5,2,0,2,0,62.28
Asian Elephant,62.23,10,0,2,0,1,2,50.22
Asian Elephant,94.86,12,3,1,2,0,1,56.13
Spotted Deer,80.66,18,1,1,1,0,2,52.08
Leopard,86.1,1,6,2,2,0,2,68.32
Tiger,92.43,3,3,1,2,2,0,55.92
Leopard,65.86,5,6,0,2,0,2,55.92
Spotted Deer,61.51,17,0,1,1,2,1,45.38
Tiger,94.28,8,1,0,2,1,2,49.58
Leopard,72.28,17,4,1,1,0,2,64.52
Tiger,65.03,9,1,0,0,2,1,42.27
Asian Elephant,78.27,6,1,0,2,0,0,32.25
Leopard,83.33,17,6,2,0,0,0,65.6
Tiger,61.21,8,4,1,0,1,1,48.46
Tiger,70.72,7,2,1,0,1,2,48.82
Tiger,61.28,7,2,1,2,2,1,57.01
Leopard,76.39,15,2,0,0,2,1,49.82
Wild Boar,94.91,7,0,2,2,2,1,59.46
Leopard,98.32,8,1,1,0,1,0,39.81
Spotted Deer,84.84,9,5,2,2,2,2,75.62
Leopard,66.3,15,4,2,2,1,1,70.88
Tiger,95.33,2,5,0,2,1,0,52.85
Asian Elephant,80.13,7,0,1,0,0,0,27.13
Leopard,66.0,15,4,2,2,0,2,75.23
Leopard,95.95,18,5,1,0,2,1,70.65
Tiger,89.54,18,6,1,1,1,2,85.7
Asian Elephant,88.54,10,0,1,0,1,1,43.51
Asian Elephant,87.66,18,0,2,0,1,0,51.23
Spotted Deer,67.81,1,0,0,2,0,0,15.04
Leopard,68.23,7,4,0,0,1,2,45.44
Asian Elephant,86.84,3,5,2,1,2,1,65.84
Asian Elephant,68.57,14,5,1,2,2,2,78.3
Wild Boar,77.11,12,3,1,0,0,1,42.58
Wild Boar,90.5,14,0,0,0,2,2,45.38
Asian Elephant,90.57,4,2,2,2,1,0,52.96
Spotted Deer,77.68,13,1,2,2,1,2,61.3
Asian Elephant,90.9,16,6,0,0,2,1,64.23
Tiger,92.71,16,6,2,0,0,2,77.34
Leopard,85.54,5,3,2,2,1,1,65.21
Spotted Deer,68.91,20,3,0,2,1,2,61.33
Tiger,70.69,6,4,0,1,0,1,40.08
Spotted Deer,72.28,6,3,2,1,1,1,50.47
Tiger,64.56,18,5,2,1,2,1,81.64
Leopard,70.65,6,4,0,2,2,2,58.41
Leopard,68.17,7,4,0,2,0,2,54.69
Wild Boar,77.76,16,6,1,2,0,0,61.72
Tiger,95.43,9,6,2,0,2,1,74.63
Wild Boar,64.07,13,2,2,2,0,0,55.7
Tiger,88.09,12,0,0,0,2,0,39.54
Wild Boar,86.8,19,3,0,2,0,1,53.55
Leopard,63.73,1,0,1,2,2,0,39.5
Spotted Deer,95.98,8,0,1,0,1,2,37.63
Wild Boar,82.17,4,0,0,2,1,0,28.5
Tiger,74.19,19,4,2,2,2,2,89.54
Tiger,89.51,5,0,1,2,1,1,43.42
Leopard,70.04,17,3,0,1,2,1,54.44
Tiger,87.05,3,4,0,2,0,1,44.59
Asian Elephant,61.55,19,3,0,0,1,0,45.04
Spotted Deer,92.74,1,4,2,0,1,1,46.84
Wild Boar,77.48,1,1,0,0,1,1,25.75
Spotted Deer,84.83,20,1,0,2,2,2,57.11
Leopard,68.63,9,1,2,0,1,0,46.01
Wild Boar,86.41,5,1,0,1,0,0,27.11
Wild Boar,90.12,7,4,0,0,1,1,41.27
Asian Elephant,78.46,6,0,1,2,0,0,34.49
Leopard,84.09,17,2,0,1,1,1,49.49
Tiger,77.8,17,6,2,0,1,2,81.68
Asian Elephant,94.87,13,5,1,1,0,0,60.4
Asian Elephant,79.42,12,2,0,0,1,0,35.97
Spotted Deer,92.83,4,1,2,2,0,2,46.38
Spotted Deer,91.25,8,0,0,1,0,0,23.8
Spotted Deer,76.01,5,3,1,0,0,1,31.75
Asian Elephant,68.97,5,0,2,0,1,0,39.06
Tiger,75.84,13,3,1,1,1,0,55.78
Wild Boar,92.22,11,2,2,1,0,2,58.5
Spotted Deer,68.88,8,0,2,1,1,2,49.07
Tiger,80.45,8,0,0,1,2,1,41.15
Leopard,91.44,1,5,2,0,0,0,45.12
Spotted Deer,73.79,13,2,2,0,0,0,38.37
Wild Boar,85.05,5,0,0,0,2,2,34.81
Leopard,69.58,8,3,2,2,2,1,69.32
Leopard,64.26,17,6,2,1,0,0,67.63
Wild Boar,90.98,13,0,2,0,2,1,50.86
Spotted Deer,63.86,9,3,2,1,0,0,41.42
Asian Elephant,70.58,2,1,0,1,1,2,35.96
Wild Boar,93.35,19,0,0,0,2,2,51.45
Wild Boar,73.51,20,3,1,1,0,2,58.43
Wild Boar,97.95,17,6,2,1,0,2,80.28
Leopard,98.21,7,2,0,1,0,2,40.31
Tiger,70.46,3,1,2,1,2,2,60.17
Asian Elephant,61.6,19,0,0,1,1,1,46.43
Spotted Deer,87.5,19,5,1,0,1,2,62.24
Spotted Deer,77.59,9,3,2,0,2,1,54.74
Tiger,63.93,10,6,1,1,0,2,64.63
Wild Boar,87.59,14,5,1,1,0,0,51.75
Asian Elephant,61.22,18,0,1,1,0,0,38.21
Spotted Deer,93.94,15,3,0,2,2,0,50.94
Spotted Deer,65.41,1,0,2,1,2,1,38.07
Wild Boar,64.97,6,1,0,2,0,2,36.56
Tiger,66.85,15,6,0,2,0,1,62.03
Asian Elephant,97.45,6,6,2,2,0,2,76.65
Tiger,87.03,18,1,2,0,2,0,63.42
Tiger,91.25,1,0,2,2,2,1,53.95
Asian Elephant,75.51,3,0,2,1,1,2,49.49
Asian Elephant,73.12,17,4,0,1,0,1,50.12
Spotted Deer,69.14,16,0,2,0,0,1,38.0
Spotted Deer,78.75,8,6,2,0,1,0,50.27
Asian Elephant,81.52,17,0,2,1,0,0,46.47
Leopard,84.64,8,5,1,0,1,0,48.29
Spotted Deer,70.03,17,5,2,0,2,0,63.74
Leopard,97.0,9,1,2,2,1,0,56.86
Asian Elephant,66.62,12,5,0,2,1,2,62.41
Spotted Deer,97.66,19,0,1,0,2,2,52.02
Tiger,60.58,4,2,0,1,0,0,28.22
Asian Elephant,78.76,11,0,1,2,1,0,45.04
Wild Boar,73.0,4,6,0,1,1,0,44.45
Leopard,77.52,14,4,0,0,0,1,41.36
Asian Elephant,82.26,14,3,2,1,1,0,58.14
Asian Elephant,76.99,6,6,2,1,2,2,79.4
Spotted Deer,76.18,17,1,1,1,1,2,49.13
Spotted Deer,88.58,2,5,1,1,0,1,39.94
Spotted Deer,86.75,8,2,1,0,0,2,37.26
Wild Boar,92.5,4,6,2,0,1,0,54.6
Spotted Deer,69.75,10,3,0,2,0,1,40.45
Asian Elephant,83.77,7,2,1,2,0,1,47.19
Spotted Deer,82.82,4,1,2,2,1,2,55.89
Tiger,74.42,16,5,2,2,1,0,73.48
Spotted Deer,78.96,14,4,0,1,0,0,37.02
Wild Boar,72.24,16,6,0,2,1,0,61.23
Tiger,65.53,9,6,2,2,2,1,83.48
Asian Elephant,68.34,4,6,0,1,1,2,49.16
Asian Elephant,64.12,6,1,0,0,0,2,35.28
Leopard,86.64,1,2,2,2,2,2,64.44
Tiger,85.77,7,2,1,0,0,0,37.03
Leopard,97.07,1,1,1,2,0,1,39.92
Tiger,88.46,19,6,2,0,2,1,88.92
Tiger,62.03,8,0,1,2,1,2,55.34
Wild Boar,94.49,3,1,2,0,0,2,46.97
Leopard,93.64,1,5,2,0,1,1,56.93
Wild Boar,77.29,1,5,0,2,1,2,53.71
Tiger,82.85,7,4,1,0,2,1,55.67
Asian Elephant,98.07,13,1,2,2,0,1,60.68
Tiger,80.76,1,3,1,2,2,2,64.99
Wild Boar,95.31,16,5,1,1,2,1,72.33
Leopard,63.24,14,5,1,2,0,1,62.79
Leopard,67.45,4,5,2,2,0,2,64.07
Wild Boar,77.19,12,0,0,2,2,2,53.53
Leopard,82.81,12,3,1,2,2,2,73.73
Spotted Deer,91.83,17,6,2,1,2,1,81.17
Asian Elephant,98.54,15,6,1,1,0,2,73.03
Asian Elephant,75.17,10,1,0,1,0,2,40.3
Asian Elephant,61.85,3,0,1,1,2,1,42.99
Leopard,91.25,20,5,2,0,0,1,71.55
Leopard,83.57,20,6,1,2,0,2,77.74
Tiger,67.74,12,3,1,1,0,2,58.13
Tiger,79.3,1,6,1,2,1,1,64.29
Asian Elephant,88.95,1,3,0,1,1,1,38.37
Spotted Deer,90.05,10,0,1,2,2,0,46.16
Tiger,79.49,18,6,2,0,1,1,78.93
Tiger,71.9,15,5,1,1,2,1,71.86
Leopard,97.98,2,0,1,0,2,0,30.66
Spotted Deer,85.87,17,2,1,0,0,2,48.66
Asian Elephant,75.92,8,5,0,2,2,0,60.64
Tiger,70.94,9,0,2,1,2,1,57.91
Spotted Deer,88.51,20,1,1,0,2,0,48.77
Spotted Deer,69.45,11,6,2,2,2,0,67.88
Asian Elephant,66.7,6,5,2,2,0,0,58.43
Spotted Deer,80.66,14,4,0,2,0,0,42.76
Spotted Deer,71.31,1,5,2,0,2,0,45.34
Spotted Deer,84.53,7,2,1,2,1,0,43.19
Tiger,64.6,9,0,0,2,1,2,47.39
Asian Elephant,85.54,11,4,0,2,2,0,57.02
Spotted Deer,71.05,16,2,2,0,0,0,42.06
Spotted Deer,60.01,19,1,0,2,2,0,49.44
Tiger,64.95,2,5,2,0,2,0,55.06
Asian Elephant,96.41,15,6,2,2,0,1,77.41
Leopard,93.83,3,4,0,0,1,0,32.36
Tiger,69.11,4,6,1,0,2,0,55.17
Asian Elephant,90.36,20,0,2,1,0,0,48.8
Spotted Deer,83.73,7,0,0,1,0,2,27.02
Asian Elephant,97.87,12,1,0,1,2,0,43.25
Asian Elephant,74.57,4,2,2,0,0,1,42.42
Asian Elephant,86.58,10,4,2,2,2,2,81.63
Leopard,62.48,6,1,2,2,1,1,54.34
Asian Elephant,75.45,14,2,2,0,2,2,68.88
Leopard,97.59,3,3,1,2,1,2,61.6
Spotted Deer,81.02,17,3,1,0,0,0,39.49
Leopard,71.23,11,2,1,2,2,0,54.27
Spotted Deer,64.69,10,0,1,0,0,2,32.81
Spotted Deer,87.44,10,0,0,1,2,0,28.2
Leopard,85.15,10,3,2,1,0,0,53.74
Tiger,74.58,3,0,0,2,1,2,42.16
Wild Boar,97.09,15,6,0,2,2,2,77.65
Asian Elephant,60.87,17,0,1,2,0,1,50.34
Wild Boar,71.85,18,2,0,2,2,2,63.46
Asian Elephant,95.92,19,5,1,1,2,1,78.13
Asian Elephant,72.52,19,2,2,1,1,1,65.05
Spotted Deer,69.84,12,0,1,0,0,0,22.46
Asian Elephant,80.83,5,2,2,2,2,0,62.89
Asian Elephant,92.13,16,4,1,1,2,2,77.3
Leopard,64.02,15,3,0,0,2,2,56.64
Wild Boar,96.78,15,5,0,0,2,1,57.69
Leopard,91.01,6,4,1,0,2,1,54.97
Asian Elephant,67.07,12,4,2,1,0,0,57.29
Spotted Deer,87.77,2,0,2,0,2,2,45.97
Leopard,75.01,20,0,1,2,2,2,68.12
Leopard,75.69,9,4,0,0,2,2,54.3
Tiger,90.55,4,4,2,0,0,2,59.67
Asian Elephant,97.55,5,1,1,1,2,0,47.52
Spotted Deer,64.94,8,1,2,0,2,0,39.56
Leopard,76.4,10,6,0,1,1,1,58.67
Leopard,78.76,7,3,2,1,1,0,50.56
Spotted Deer,74.68,14,4,1,2,2,1,62.46
Asian Elephant,74.16,5,2,2,0,2,0,49.44
Tiger,62.04,16,5,2,2,1,0,75.84
Leopard,86.74,15,1,0,2,0,2,50.29
Tiger,77.01,5,0,0,0,0,1,23.3
Wild Boar,67.6,3,4,0,0,1,1,33.45
Asian Elephant,91.83,10,2,0,1,2,1,48.95
Wild Boar,91.3,5,5,1,0,1,0,45.09
Wild Boar,78.97,15,2,2,1,0,2,57.99
Wild Boar,71.64,18,6,2,2,1,0,78.76
Asian Elephant,84.89,8,2,2,2,0,2,63.62
Asian Elephant,71.24,2,0,2,1,2,0,46.03
Spotted Deer,69.2,8,1,1,0,2,1,38.34
Tiger,88.49,8,2,0,0,2,0,40.24
Tiger,61.57,4,5,2,1,0,1,58.12
Spotted Deer,63.7,19,1,2,2,1,2,64.41
Spotted Deer,60.26,18,6,0,1,2,1,58.55
Wild Boar,65.96,1,6,0,0,0,1,31.8
Spotted Deer,62.69,20,3,2,0,2,1,62.49
Leopard,98.84,15,0,0,1,1,1,42.21
Tiger,71.26,18,1,2,0,2,2,72.47
Spotted Deer,65.82,12,6,2,2,0,0,59.34
Leopard,69.4,1,6,2,1,0,0,51.99
Leopard,96.51,7,1,2,2,2,0,60.18
Leopard,80.29,19,2,2,2,2,0,74.74
Leopard,74.23,1,5,2,1,0,1,54.85
Wild Boar,94.06,7,2,0,1,2,2,49.69
Leopard,75.4,2,5,1,0,2,2,60.55
Wild Boar,73.07,7,6,1,0,2,0,50.69
Wild Boar,68.08,19,6,2,1,1,0,70.16
Leopard,74.73,13,0,0,1,1,2,44.33
Tiger,72.35,5,1,2,0,1,2,52.09
Leopard,86.41,19,4,0,0,2,1,61.35
Leopard,71.29,1,6,2,0,0,2,56.77
Leopard,82.51,1,5,2,1,2,2,70.29
Tiger,62.57,18,5,1,1,2,1,76.49
Asian Elephant,67.46,1,2,0,0,1,1,28.9
Asian Elephant,75.89,5,2,0,2,0,1,40.06
Wild Boar,96.54,9,6,1,2,1,2,71.67
Wild Boar,74.71,12,6,1,0,0,2,57.01
Tiger,85.9,9,3,1,1,2,2,68.58
Spotted Deer,69.95,18,5,1,1,2,1,66.68
Asian Elephant,64.95,11,0,0,2,2,2,51.97
Wild Boar,62.28,1,1,0,0,0,2,20.24
Asian Elephant,71.91,19,1,1,2,1,1,60.54
Tiger,66.15,10,1,2,2,1,0,56.7
Tiger,66.79,2,5,2,0,1,0,50.93
Spotted Deer,89.67,7,2,2,2,0,2,53.75
Spotted Deer,60.62,20,0,2,1,0,1,46.38
Tiger,81.75,2,1,0,2,2,1,43.85
Wild Boar,74.8,19,5,0,0,1,2,58.89
Asian Elephant,79.76,6,4,0,1,0,2,46.31
Leopard,81.95,10,6,2,1,1,0,69.95
Spotted Deer,72.22,9,3,1,2,1,1,52.92
Leopard,71.51,8,3,2,1,0,2,59.07
Wild Boar,88.6,11,1,0,0,0,1,33.73
Spotted Deer,93.98,9,2,2,2,2,2,67.79
Leopard,67.51,20,3,1,1,2,0,63.41
Wild Boar,63.81,20,3,1,0,2,2,65.65
Asian Elephant,95.01,9,3,2,2,1,0,64.43
Wild Boar,73.65,8,3,0,0,1,0,30.25
Spotted Deer,81.5,15,1,0,1,2,2,48.48
Tiger,74.02,2,5,0,2,1,2,55.84
Asian Elephant,64.91,1,0,2,2,1,0,42.44
Leopard,82.98,9,0,0,1,1,1,35.95
Spotted Deer,80.48,9,2,2,0,1,1,42.53
Tiger,67.92,13,5,0,1,0,0,48.71
Wild Boar,77.62,8,6,1,2,0,0,55.19
Tiger,91.08,5,4,1,2,2,2,75.23
Spotted Deer,83.03,3,0,0,1,2,2,35.81
Spotted Deer,63.78,4,4,2,0,1,0,43.04
Tiger,81.37,17,0,0,1,1,0,39.48
Wild Boar,87.41,16,0,2,0,0,1,48.75
Tiger,90.92,16,2,1,0,1,1,55.74
Spotted Deer,84.54,20,3,2,2,1,1,69.76
Spotted Deer,65.95,3,2,0,0,2,0,18.74
Leopard,87.7,6,0,1,2,1,0,43.68
Leopard,86.42,1,5,2,0,0,1,49.48
Asian Elephant,60.95,16,3,2,0,1,1,60.88
Spotted Deer,76.06,15,5,1,2,1,2,69.87
Leopard,72.99,7,5,0,0,1,2,53.06
Tiger,86.11,2,5,1,1,1,0,51.06
Wild Boar,68.43,10,3,0,0,1,2,43.05
Tiger,83.04,15,5,0,2,0,0,58.56
Wild Boar,95.62,6,3,2,2,2,0,62.01
Leopard,91.11,2,4,0,1,1,0,36.66
Asian Elephant,95.94,17,6,0,0,2,1,62.23
Tiger,98.16,1,0,1,1,2,2,53.07
Tiger,60.42,1,1,1,0,0,2,34.36
Tiger,84.29,4,5,0,1,2,2,61.87
Wild Boar,76.1,20,2,2,2,1,2,74.76
Leopard,93.53,16,4,1,2,1,1,71.49
Tiger,69.82,8,2,2,1,1,2,61.76
Tiger,98.26,1,1,1,0,1,2,44.06
Asian Elephant,83.93,19,3,1,0,0,1,54.78
Asian Elephant,90.95,11,1,0,2,2,2,60.56
Leopard,63.34,17,2,1,0,0,2,51.89
Leopard,67.15,10,1,1,1,2,1,49.5
Spotted Deer,89.58,12,0,2,1,0,1,44.99
Asian Elephant,60.86,9,1,1,0,0,1,34.21
Spotted Deer,91.86,7,5,1,2,0,1,51.63
Wild Boar,60.54,12,0,2,2,1,0,50.17
Spotted Deer,85.63,15,5,0,2,1,1,58.34
Tiger,74.24,8,6,0,2,0,2,59.43
Spotted Deer,83.85,17,6,1,2,2,2,79.53
Leopard,87.15,5,1,1,1,2,2,54.8
Wild Boar,73.36,14,0,2,0,1,2,53.49
Tiger,64.21,2,0,0,1,0,0,20.4
Spotted Deer,62.72,16,6,0,2,1,0,58.04
Wild Boar,82.97,17,1,0,2,1,0,47.27
Wild Boar,80.31,3,4,2,0,1,2,55.7
Tiger,88.95,1,3,2,0,0,2,50.9
Spotted Deer,79.88,18,3,2,0,0,1,52.19
Wild Boar,76.48,18,3,1,1,1,1,58.69
Wild Boar,75.53,4,0,0,0,0,2,19.79
Asian Elephant,61.03,15,6,1,1,2,1,70.2
Wild Boar,73.09,19,3,1,2,2,1,71.49
Asian Elephant,98.06,19,6,2,1,1,2,91.95
Spotted Deer,94.07,10,0,0,0,2,0,27.48
Spotted Deer,72.85,5,6,1,1,1,2,55.74
Spotted Deer,82.92,19,4,0,1,1,2,51.46
Leopard,93.04,11,1,1,1,1,1,53.48
Spotted Deer,77.21,7,6,2,0,0,1,49.53
Wild Boar,60.7,5,6,1,1,0,2,51.65
Tiger,62.91,20,1,2,0,0,0,50.11
Asian Elephant,79.91,12,0,0,1,0,2,39.47
Leopard,97.81,19,0,1,1,1,0,50.37
Spotted Deer,87.04,15,6,1,1,0,0,52.26
Spotted Deer,62.77,12,4,2,0,2,2,64.52
Tiger,67.39,4,3,2,0,2,2,60.9
Tiger,90.08,12,4,0,0,0,2,50.2
Leopard,92.82,18,1,2,2,2,0,68.98
Asian Elephant,84.09,17,1,0,0,2,1,47.07
Spotted Deer,85.13,19,5,1,1,0,0,51.88
Leopard,61.11,16,3,0,2,1,0,47.76
Wild Boar,92.31,11,6,0,0,1,0,44.93
Wild Boar,90.74,2,1,0,0,1,1,27.19
Leopard,70.1,16,5,1,2,0,0,61.26
Spotted Deer,87.64,1,0,1,2,1,0,29.51
Leopard,68.38,17,1,2,0,1,0,49.97
Spotted Deer,61.57,18,2,0,2,2,1,55.2
Tiger,67.84,13,3,1,1,1,0,54.53
Leopard,66.97,5,5,0,1,0,1,44.69
Spotted Deer,73.17,6,3,0,1,1,1,34.53
Leopard,76.32,1,3,0,0,2,2,39.76
Leopard,79.83,10,2,1,1,2,2,62.7
Spotted Deer,78.59,5,4,0,2,2,2,53.68
Spotted Deer,70.56,1,0,0,1,2,1,23.75
Asian Elephant,61.14,11,3,2,2,1,2,72.12
Leopard,83.6,7,1,0,1,2,2,45.95
Wild Boar,75.43,18,0,2,2,2,2,73.36
Leopard,71.65,20,1,0,1,2,1,54.8
Leopard,93.81,10,0,2,1,1,0,47.88
Spotted Deer,89.12,15,6,1,1,0,2,60.86
Leopard,93.45,4,0,1,2,2,2,52.94
Leopard,79.3,16,5,0,2,2,2,77.18
Wild Boar,65.11,15,1,2,1,2,2,69.48
Spotted Deer,87.15,15,1,1,2,1,1,57.5
Leopard,68.04,12,6,0,2,1,0,57.83
Tiger,77.21,8,0,0,0,2,0,30.03
Asian Elephant,62.54,8,3,2,1,0,2,61.0
Wild Boar,92.19,18,1,2,2,2,0,66.93
Leopard,64.91,6,6,0,2,0,2,54.27
Tiger,95.22,5,2,2,2,0,2,63.85
Leopard,93.7,2,2,2,2,1,0,55.78
Leopard,78.12,12,0,1,0,1,0,35.61
Spotted Deer,89.03,4,4,2,2,1,1,59.09
Spotted Deer,84.16,13,0,0,2,0,2,36.03
Spotted Deer,91.32,17,6,2,0,0,0,59.23
Tiger,76.84,16,0,0,1,0,1,41.49
Leopard,90.65,9,3,0,1,1,0,41.75
Asian Elephant,78.04,1,3,2,0,1,0,43.29
Wild Boar,96.7,15,5,2,1,1,2,78.82
Spotted Deer,78.97,12,6,2,1,2,1,70.33
Spotted Deer,78.04,5,4,1,0,0,2,36.59
Leopard,90.62,18,6,1,2,0,0,68.22
Leopard,92.04,20,6,2,0,2,1,82.66
Tiger,81.63,2,4,0,0,0,2,41.25
Tiger,67.01,4,6,2,0,0,1,61.69
Spotted Deer,78.24,15,4,1,0,2,0,53.76
Leopard,97.75,6,4,1,0,0,1,41.56
Asian Elephant,89.37,12,4,2,2,1,0,74.14
Wild Boar,91.64,18,6,0,1,2,2,75.38
Leopard,61.28,20,6,0,0,0,0,48.63
Leopard,78.25,4,0,1,2,1,0,40.79
Tiger,85.22,1,6,1,0,0,1,43.63
Wild Boar,92.37,15,0,1,2,2,1,57.56
Spotted Deer,61.92,18,5,0,1,1,2,58.31
Leopard,93.25,14,2,1,2,0,1,56.56
Spotted Deer,81.39,3,2,1,2,2,2,55.94
Leopard,67.7,15,5,0,1,0,0,49.01
Spotted Deer,72.37,5,5,1,1,0,0,40.12
Wild Boar,71.0,3,1,1,2,1,1,41.69
Tiger,80.7,7,0,2,0,0,0,38.58
Wild Boar,62.02,6,4,1,0,2,0,42.9
Asian Elephant,66.18,1,1,2,1,2,2,56.67
Tiger,91.7,19,3,1,0,1,1,61.11
Wild Boar,65.17,7,0,1,1,1,2,42.75
Asian Elephant,69.1,4,6,2,2,0,0,57.26
Leopard,77.68,12,5,1,2,2,0,69.5
Leopard,80.17,20,2,2,0,1,0,57.36
Spotted Deer,89.78,18,0,1,1,0,1,39.58
Tiger,77.45,9,5,2,0,0,0,52.98
Leopard,90.8,19,0,2,0,2,0,56.34
Tiger,84.12,4,6,1,2,2,2,74.77
Leopard,64.41,1,0,1,0,0,1,24.51
Spotted Deer,66.1,9,6,2,2,2,0,67.23
Wild Boar,77.04,15,0,0,1,0,2,41.06
Spotted Deer,75.48,8,3,1,0,0,0,29.92
Asian Elephant,89.0,15,2,1,2,2,2,74.32
Leopard,82.65,15,0,0,0,1,0,31.92
Asian Elephant,75.14,18,5,0,1,0,1,56.09
Asian Elephant,66.66,7,3,2,0,2,1,55.77
Tiger,68.85,18,1,1,0,0,2,52.1
Leopard,82.44,16,0,2,2,0,0,54.35
Asian Elephant,76.51,2,6,1,1,0,1,50.24
Wild Boar,80.08,4,3,0,1,2,0,38.55
Asian Elephant,66.66,20,4,2,1,2,1,78.08
Wild Boar,85.85,16,1,1,0,2,2,61.02
Tiger,93.25,3,2,1,2,1,1,54.05
Asian Elephant,70.06,2,0,0,0,0,0,13.47
Spotted Deer,79.17,3,0,0,0,1,0,12.49
Tiger,98.05,5,3,1,0,0,0,41.15
Wild Boar,73.0,2,2,0,1,2,2,42.33
Tiger,83.21,19,4,0,2,0,2,67.18
Asian Elephant,63.52,20,1,2,1,0,0,53.64
Leopard,83.63,2,5,1,0,0,0,35.98
Leopard,63.5,2,2,2,0,1,1,46.11
Wild Boar,97.41,20,0,0,2,2,1,58.64
Wild Boar,87.91,18,3,1,1,2,1,66.1
Leopard,90.74,20,4,0,0,0,0,46.07
Wild Boar,87.46,14,3,0,0,2,1,47.76
Tiger,83.0,15,1,1,2,1,0,52.83
Spotted Deer,77.55,12,6,0,0,1,2,50.49
Spotted Deer,93.48,11,6,2,1,2,1,75.58
Tiger,97.32,11,2,1,1,1,0,51.18
Spotted Deer,79.46,7,3,0,0,1,0,29.66
Asian Elephant,96.33,12,5,0,0,2,2,63.26
Tiger,82.75,16,5,0,0,2,2,65.85
Wild Boar,81.0,5,6,1,2,0,2,60.72
Tiger,77.72,2,6,2,2,0,2,71.77
Leopard,68.16,16,3,0,1,1,1,47.81
Wild Boar,60.15,15,0,0,1,2,2,45.48
Leopard,69.42,11,3,0,0,1,0,35.3
Wild Boar,79.88,6,4,1,0,2,0,48.02
Spotted Deer,74.82,13,2,0,0,1,0,30.13
Tiger,77.49,19,1,0,2,1,0,51.95
Asian Elephant,98.25,10,5,0,2,1,0,57.5
Wild Boar,73.66,19,3,1,0,0,2,57.32
Wild Boar,77.64,5,4,2,0,2,0,52.7
Leopard,65.21,7,6,1,1,1,2,62.1
Spotted Deer,61.87,11,5,2,2,0,2,66.28
Leopard,90.24,14,5,2,0,1,2,71.86
Leopard,82.26,16,1,1,2,1,2,59.55
Spotted Deer,89.67,18,5,0,0,2,1,56.85
Asian Elephant,65.84,4,4,2,0,1,1,54.12
Leopard,82.3,1,5,0,1,2,1,50.22
Leopard,69.89,15,5,2,1,0,1,67.95
Wild Boar,68.89,14,3,0,1,0,1,44.37
Spotted Deer,60.45,19,3,0,0,1,0,35.12
Tiger,65.08,5,6,1,1,0,1,54.38
Asian Elephant,72.06,4,2,0,0,2,0,29.64
Asian Elephant,64.56,13,0,2,2,2,0,59.48
Spotted Deer,98.45,18,4,0,2,0,2,61.72
Wild Boar,72.04,12,0,0,0,2,2,39.45
Wild Boar,65.08,15,0,0,1,2,2,49.1
Spotted Deer,67.76,9,5,2,1,1,1,58.12
Wild Boar,82.92,4,6,2,2,1,0,65.23
Asian Elephant,62.5,5,1,2,0,2,1,44.19
Asian Elephant,93.63,9,1,0,0,0,2,39.69
Tiger,97.5,13,5,1,0,2,2,71.79
Spotted Deer,69.62,10,6,2,2,1,0,64.57
Leopard,77.55,16,4,0,2,0,0,53.39
Leopard,60.86,13,0,2,1,2,2,59.77
Tiger,84.99,4,2,1,0,0,1,41.89
Tiger,76.14,13,6,0,0,0,1,56.28
Wild Boar,70.53,8,0,2,0,0,0,32.73
Tiger,68.07,13,1,2,0,2,2,64.4
Tiger,85.51,15,0,1,2,1,1,57.4
Leopard,76.23,20,3,2,1,0,0,62.23
Wild Boar,67.01,20,3,0,2,0,0,49.39
Tiger,86.88,13,2,0,1,2,0,46.09
Tiger,82.04,5,4,1,0,1,1,50.09
Wild Boar,93.49,6,0,1,0,1,0,28.62
Spotted Deer,64.58,5,3,1,0,2,1,39.63
Wild Boar,90.64,13,4,0,0,0,0,35.84
Leopard,86.27,5,6,1,0,2,1,57.28
Spotted Deer,64.49,13,6,2,2,1,2,79.67
Asian Elephant,87.1,20,3,2,1,0,1,67.3
Wild Boar,77.22,8,4,0,2,0,2,50.25
Leopard,96.85,9,4,2,0,1,0,55.43
Spotted Deer,65.52,19,3,1,1,0,1,49.11
Wild Boar,85.07,20,5,2,1,2,0,77.71
Tiger,74.9,15,1,1,0,1,2,54.12
Wild Boar,97.32,10,4,2,1,1,0,61.33
Asian Elephant,72.87,11,6,0,2,0,0,55.79
Wild Boar,97.53,5,5,1,2,1,0,53.78
Spotted Deer,95.16,9,0,2,2,2,2,62.15
Spotted Deer,70.54,11,5,0,2,1,2,57.61
Wild Boar,91.34,19,3,2,1,0,1,62.67
Spotted Deer,98.83,2,5,0,2,1,1,47.94
Tiger,69.85,6,1,2,1,0,1,47.07
Wild Boar,77.03,1,3,1,0,0,1,35.84
Tiger,80.29,3,2,1,2,2,0,53.77
Tiger,71.5,3,0,1,0,1,2,38.97
Leopard,60.6,14,6,1,2,2,2,80.14
Wild Boar,68.59,20,2,1,0,2,0,55.73
Spotted Deer,71.0,5,5,2,0,1,1,49.92
Tiger,77.3,17,4,2,0,2,2,80.08
Leopard,66.67,15,5,2,0,2,0,66.39
Wild Boar,94.06,6,6,2,0,0,0,54.76
Wild Boar,87.49,14,6,1,1,2,1,74.57
Asian Elephant,63.32,14,4,0,1,1,1,53.84
Asian Elephant,85.35,17,2,1,2,0,2,63.36
Tiger,85.49,8,2,2,1,2,2,69.62
Asian Elephant,97.29,8,4,1,0,2,1,56.15
Tiger,60.12,19,1,1,1,1,2,62.35
Spotted Deer,69.67,9,0,1,1,2,1,39.13
Tiger,96.18,11,3,0,0,1,0,47.12
Asian Elephant,96.35,13,2,1,1,2,0,55.73
Spotted Deer,88.1,13,0,1,0,2,0,39.15
Asian Elephant,89.86,19,3,0,1,1,2,65.89
Tiger,63.57,19,5,1,0,0,1,62.28
Leopard,80.04,5,3,1,2,1,0,48.06
Wild Boar,69.03,16,2,1,1,0,0,42.17
Asian Elephant,67.07,9,1,1,2,0,2,56.63
Tiger,91.6,20,1,1,0,1,2,65.83
Spotted Deer,65.27,3,0,2,0,1,0,27.28
Asian Elephant,78.28,19,5,1,2,2,2,84.83
Asian Elephant,96.6,5,0,0,0,2,2,37.95
Wild Boar,67.25,8,4,1,0,0,2,45.52
Tiger,98.14,14,1,2,0,2,2,70.64
Leopard,98.78,3,0,0,0,1,1,31.6
Spotted Deer,81.67,13,4,0,0,0,2,41.87
Tiger,66.64,11,5,1,0,2,2,70.41
Spotted Deer,72.33,8,6,2,0,2,1,64.38
Asian Elephant,76.56,19,3,1,0,1,2,63.04
Wild Boar,72.06,10,0,2,2,1,2,60.54
Wild Boar,70.94,18,4,2,1,2,0,71.8
Leopard,97.92,18,1,1,0,0,0,44.53
Wild Boar,65.98,7,3,2,2,0,0,48.94
Asian Elephant,88.6,16,0,1,0,1,1,48.6
Leopard,60.02,6,1,2,1,1,2,55.71
Tiger,83.25,16,6,0,0,1,1,62.89
Wild Boar,95.72,16,3,1,2,2,1,72.24
Leopard,71.23,1,2,2,2,2,2,62.7
Asian Elephant,67.24,19,1,0,1,1,2,55.41
Spotted Deer,85.42,3,2,0,0,0,0,18.51
Spotted Deer,87.79,6,5,0,2,1,2,53.32
Asian Elephant,86.83,4,0,0,1,1,1,29.67
Asian Elephant,72.45,4,6,1,1,0,0,51.37
Spotted Deer,69.84,4,4,2,0,0,1,40.67
Leopard,97.28,10,0,0,2,0,2,42.29
Spotted Deer,96.01,9,1,2,0,0,0,35.37
Asian Elephant,77.84,8,2,2,0,2,2,61.41
Wild Boar,93.0,19,2,2,0,2,0,58.05
Tiger,77.64,17,3,1,2,1,0,65.55
Wild Boar,76.55,17,0,1,1,2,0,50.36
Wild Boar,66.11,1,0,0,0,1,2,21.72
Asian Elephant,76.63,20,1,2,0,1,0,55.41
Spotted Deer,80.96,14,2,1,2,0,0,41.82
Leopard,60.88,20,1,1,0,0,2,48.23
Wild Boar,77.32,11,1,1,1,2,1,49.85
Spotted Deer,90.47,3,5,0,0,2,2,47.63
Leopard,86.52,8,2,1,1,2,2,63.59
Wild Boar,84.77,10,1,2,0,2,0,47.68
Leopard,95.47,17,2,1,0,0,2,56.39
Spotted Deer,60.7,8,1,1,0,0,2,33.52
Tiger,81.72,1,4,0,1,2,2,49.86
Spotted Deer,90.71,20,1,2,0,1,0,47.5
Asian Elephant,81.11,7,1,1,0,0,2,44.63
Leopard,72.63,9,6,2,0,0,0,53.61
Tiger,65.31,12,4,2,1,0,2,68.92
Leopard,94.61,9,0,1,0,0,0,30.61
Leopard,78.36,20,2,0,2,2,0,53.76
Wild Boar,94.25,3,6,2,1,2,2,73.03
Asian Elephant,82.85,4,3,1,2,1,1,55.88
Leopard,86.29,10,4,2,0,0,2,58.83
Spotted Deer,91.37,4,6,2,1,2,1,65.27
Spotted Deer,85.71,9,0,2,1,2,0,42.89
Wild Boar,75.52,1,1,1,0,0,1,24.14
Asian Elephant,80.03,5,5,2,2,2,1,73.18
Asian Elephant,91.32,9,0,2,1,2,0,49.3
Spotted Deer,74.57,5,4,0,1,2,1,45.54
Tiger,75.14,6,5,1,1,1,2,61.33
Wild Boar,63.73,19,1,1,1,2,1,56.97
Wild Boar,95.67,8,0,2,1,0,0,38.08
Spotted Deer,63.55,10,3,0,0,0,1,30.61
Spotted Deer,85.28,11,2,2,1,0,0,41.44
Tiger,76.11,13,2,2,2,2,0,67.17
Tiger,75.82,20,4,1,1,1,2,72.19
Asian Elephant,86.5,4,6,0,0,2,0,42.58
Wild Boar,62.62,11,1,2,0,0,1,42.69
Wild Boar,83.15,12,1,1,2,1,2,57.87
Spotted Deer,90.11,5,2,2,1,1,2,53.96
Asian Elephant,92.3,10,0,2,2,2,1,65.76
Wild Boar,66.65,7,1,0,2,0,1,33.4
Asian Elephant,95.0,9,3,0,2,2,2,62.6
Asian Elephant,85.59,9,3,0,2,0,0,42.8
Spotted Deer,94.39,10,1,2,1,1,2,54.73
Asian Elephant,78.93,10,1,0,0,2,2,47.98
Tiger,81.14,2,2,1,0,1,2,45.15
Tiger,95.84,4,4,2,1,0,0,53.69
Leopard,95.1,8,2,0,2,1,1,49.44
Spotted Deer,77.48,14,4,2,1,1,1,67.25
Leopard,70.7,17,3,2,2,1,1,70.33
Tiger,75.33,13,4,1,2,2,0,65.36
Leopard,75.12,18,2,1,1,0,0,47.62
Spotted Deer,71.19,18,1,1,1,1,1,46.77
Spotted Deer,70.47,13,4,2,2,1,1,67.08
Asian Elephant,93.58,8,2,2,2,1,1,64.37
Wild Boar,62.72,12,3,1,2,1,1,54.61
Asian Elephant,86.43,1,5,2,2,0,0,57.55
Spotted Deer,66.74,20,4,1,1,0,1,58.39
Tiger,73.44,18,3,1,0,2,2,67.62
Tiger,62.4,3,3,0,0,0,1,30.96
Asian Elephant,70.53,12,0,1,2,0,0,36.46
Spotted Deer,89.97,19,5,0,0,1,2,56.77
Tiger,94.52,13,4,1,0,2,2,70.88
Spotted Deer,68.64,10,2,2,0,2,2,55.49
Tiger,78.08,15,4,0,0,1,0,47.88
Spotted Deer,78.34,20,4,2,0,2,1,67.13
Leopard,94.07,2,5,2,0,0,0,49.55
Spotted Deer,89.75,19,6,1,2,2,0,72.49
Spotted Deer,80.01,3,3,1,2,1,2,48.61
Asian Elephant,86.16,14,3,2,2,2,2,82.28
Leopard,93.05,7,3,1,1,2,0,54.58
Wild Boar,60.37,8,3,1,0,2,2,53.66
Asian Elephant,75.71,11,5,1,0,1,0,51.15
Wild Boar,95.38,20,2,2,1,0,2,71.75
Tiger,88.87,6,1,0,0,2,1,39.89
Wild Boar,81.17,11,0,0,2,0,1,32.29
Spotted Deer,80.66,17,6,2,2,0,1,73.84
Wild Boar,73.56,10,6,1,1,0,2,60.96
Asian Elephant,80.3,17,3,1,2,2,2,76.95
Asian Elephant,85.56,2,3,0,1,0,1,37.05
Wild Boar,76.32,6,0,2,2,2,0,49.57
Asian Elephant,87.85,5,3,2,0,2,0,52.99
Asian Elephant,93.59,4,1,1,2,2,1,51.63
Wild Boar,66.03,2,6,1,1,0,2,51.21
Leopard,77.61,12,4,1,0,2,0,54.58
Leopard,75.91,3,0,2,1,1,0,37.86
Tiger,86.81,6,6,0,0,1,0,43.1
Asian Elephant,69.74,14,2,2,0,1,2,63.22
Wild Boar,84.97,8,6,2,2,2,0,74.59
Asian Elephant,94.22,14,0,2,2,1,0,59.79
Spotted Deer,76.31,3,1,0,0,2,1,24.57
Asian Elephant,95.53,16,5,1,2,2,2,84.68
Asian Elephant,98.73,15,2,1,2,2,1,69.61
Leopard,64.14,7,4,2,1,0,0,51.05
Wild Boar,69.09,15,3,2,2,1,2,74.4
Asian Elephant,97.06,13,0,0,0,2,2,44.93
Leopard,97.37,6,2,0,2,1,1,49.9
Tiger,63.81,15,0,1,0,1,1,42.57
Leopard,60.58,17,4,2,0,0,2,61.15
Leopard,66.28,4,0,0,1,1,2,27.94
Leopard,98.84,14,6,0,0,2,1,64.38
Asian Elephant,67.02,15,6,2,0,2,0,73.8
Asian Elephant,79.6,12,2,2,1,1,2,64.91
Tiger,93.09,19,1,2,0,1,0,55.04
Spotted Deer,60.8,10,5,2,1,0,1,56.52
Spotted Deer,83.58,6,2,2,0,2,2,51.09
Spotted Deer,70.8,9,0,2,2,1,1,49.62
Tiger,93.63,2,4,0,1,1,2,49.8
Spotted Deer,71.05,4,6,2,1,2,2,67.54
Spotted Deer,86.78,9,3,1,0,1,1,43.57
Leopard,86.29,15,3,2,1,0,1,63.02
Asian Elephant,68.64,13,4,1,0,1,0,50.15
Asian Elephant,61.36,20,0,1,1,1,1,55.61
Leopard,75.96,8,5,1,1,0,1,56.64
Leopard,71.28,19,4,2,2,0,0,71.36
Leopard,91.55,19,0,2,0,0,1,51.69
Asian Elephant,91.21,16,2,1,2,2,0,64.38
Spotted Deer,77.82,11,5,2,1,1,0,60.71
Leopard,83.65,10,1,0,0,1,1,34.06
Tiger,83.57,8,0,0,2,0,0,32.16
Leopard,92.26,1,3,0,1,2,0,39.18
Wild Boar,76.58,10,3,0,2,0,0,39.09
Leopard,70.74,18,6,2,1,1,1,77.8
Asian Elephant,70.34,3,5,1,1,2,1,56.62
Leopard,80.91,11,1,2,0,2,0,52.72
Wild Boar,77.52,18,0,0,0,1,1,36.47
Tiger,77.16,3,1,2,0,2,2,55.85
Spotted Deer,63.55,8,6,2,1,2,0,61.44
Leopard,88.03,14,2,0,2,0,2,54.61
Wild Boar,68.34,6,1,1,0,2,1,40.81
Wild Boar,67.68,15,2,2,0,0,2,54.14
Tiger,76.1,14,3,2,0,2,1,67.23
Asian Elephant,68.88,7,2,0,0,0,1,29.58
Leopard,82.77,10,0,1,1,0,0,32.2
Wild Boar,74.49,15,5,0,2,2,2,68.92
Tiger,77.51,10,5,0,1,0,0,46.97
Spotted Deer,80.95,17,0,2,1,1,2,58.28
Wild Boar,67.94,19,0,1,1,1,1,47.59
Tiger,66.07,17,0,0,0,2,1,44.54
Asian Elephant,94.34,12,4,2,2,2,0,71.61
Asian Elephant,76.92,15,6,0,1,2,2,72.44
Wild Boar,76.07,12,2,2,1,1,2,62.05
Wild Boar,61.39,9,0,1,1,2,1,47.87
Leopard,79.42,5,5,0,0,2,0,44.33
Tiger,81.61,4,1,1,0,0,1,32.7
Wild Boar,81.79,12,1,1,1,2,1,50.69
Leopard,87.57,16,4,2,0,1,0,63.14
Leopard,66.92,9,2,0,2,1,2,52.31
Wild Boar,69.84,3,2,0,0,2,2,41.64
Asian Elephant,91.62,3,6,2,1,1,1,69.37
Tiger,96.94,18,2,2,2,0,2,77.36
Tiger,65.3,17,5,1,0,0,0,56.69
Asian Elephant,79.41,10,5,0,1,2,2,64.3
Wild Boar,68.35,2,6,0,2,2,2,60.13
Tiger,62.34,11,4,2,2,0,1,64.21
Wild Boar,72.69,3,2,2,2,0,2,56.31
Wild Boar,65.6,2,2,2,0,2,0,41.65
Leopard,87.69,9,0,0,2,1,1,41.35
Asian Elephant,80.82,19,2,0,0,2,0,46.75
Wild Boar,65.61,2,5,1,1,2,2,61.34
Spotted Deer,60.36,19,0,2,0,2,2,59.02
Asian Elephant,91.52,2,0,1,0,2,1,36.74
Tiger,66.87,15,2,0,1,2,0,50.57
Leopard,83.64,3,1,1,0,2,2,47.46
Tiger,73.14,5,3,1,0,2,2,53.69
Tiger,82.83,11,5,1,1,1,1,66.38
Asian Elephant,72.31,7,1,2,2,2,2,67.79
Tiger,63.39,6,2,0,1,0,2,41.35
Wild Boar,68.7,14,2,2,2,2,2,77.75
Tiger,67.33,1,1,1,0,1,0,35.7
Leopard,76.69,17,2,2,1,0,0,57.28
Leopard,85.67,17,5,0,2,2,0,66.48
Spotted Deer,70.29,14,6,0,0,2,2,59.6
Leopard,60.47,10,0,1,0,0,1,32.43
Tiger,80.24,8,4,1,0,2,1,63.13
Leopard,83.62,8,2,2,2,1,1,61.97
Asian Elephant,97.55,14,2,0,2,2,0,54.65
Leopard,82.99,7,1,0,2,1,0,38.38
Wild Boar,78.38,6,0,2,0,2,0,44.53
Asian Elephant,82.36,4,1,0,2,0,0,28.26
Spotted Deer,96.19,1,6,1,1,1,2,54.8
Wild Boar,92.31,15,5,1,2,2,1,73.85
Tiger,72.6,15,1,2,2,2,1,69.55
Tiger,69.25,1,2,2,0,0,0,33.95
Tiger,70.24,20,0,2,1,0,1,60.19
Wild Boar,79.67,3,5,1,1,1,1,52.13
Wild Boar,89.02,5,2,2,1,1,0,44.8
Wild Boar,79.63,5,5,0,2,1,0,47.55
Asian Elephant,62.64,4,2,2,0,2,0,46.7
Asian Elephant,88.22,17,2,0,2,2,0,59.19
Tiger,91.43,20,2,1,0,1,2,63.99
Leopard,71.29,14,4,0,1,2,1,55.33
Tiger,85.9,8,3,0,2,0,2,54.68
Spotted Deer,76.64,2,0,0,0,2,1,23.78
Asian Elephant,94.68,8,6,1,2,1,2,72.74
Wild Boar,92.96,1,4,0,0,2,0,36.04
Asian Elephant,80.49,4,3,0,1,0,2,40.39
Wild Boar,86.97,19,5,2,2,1,0,78.07
Spotted Deer,94.45,5,3,2,1,1,0,48.74
Spotted Deer,79.33,5,3,2,2,1,2,62.92
Asian Elephant,72.22,20,4,0,2,1,1,63.22
Wild Boar,89.39,19,0,0,0,2,2,48.39
Spotted Deer,68.58,12,1,1,0,0,0,26.19
Tiger,75.15,20,3,0,0,2,0,52.88
Tiger,93.76,1,1,0,1,2,1,41.4
Wild Boar,88.25,7,1,1,1,1,1,41.3
Asian Elephant,75.75,17,2,0,2,0,1,53.73
Spotted Deer,68.38,2,1,1,0,2,0,30.39
Asian Elephant,73.88,11,5,1,1,0,2,64.17
Tiger,71.08,7,5,2,2,0,1,68.09
Spotted Deer,66.87,17,2,0,1,0,0,32.3
Asian Elephant,88.99,3,0,2,2,0,2,52.09
Leopard,69.83,6,6,0,0,2,1,49.75
Wild Boar,77.71,11,0,2,2,0,2,55.59
Wild Boar,75.05,18,5,1,2,2,2,81.77
Leopard,98.3,18,6,1,0,0,0,57.76
Tiger,75.25,10,2,1,0,0,0,41.36
Spotted Deer,63.12,5,0,1,2,2,0,35.73
Wild Boar,63.5,15,6,0,1,1,2,60.39
Leopard,83.04,20,6,0,0,2,1,66.54
Leopard,83.38,4,3,2,2,0,1,54.79
Tiger,76.33,1,0,0,0,2,1,28.41
Tiger,76.84,15,2,0,0,0,0,38.97
Asian Elephant,62.1,17,6,2,1,2,1,82.29
Wild Boar,80.15,19,5,1,0,2,1,69.81
Asian Elephant,79.68,14,3,2,2,2,0,72.35
Leopard,65.83,19,1,2,2,1,1,68.03
Spotted Deer,64.05,18,1,1,0,2,1,47.33
Spotted Deer,64.82,2,1,2,0,2,1,38.09
Tiger,63.94,6,5,2,1,1,2,72.77
Spotted Deer,83.78,13,6,2,1,1,2,75.36
Spotted Deer,67.66,17,2,0,1,0,0,32.29
Spotted Deer,69.81,6,1,1,2,0,0,33.08
Leopard,66.77,5,0,1,1,2,2,50.39
Spotted Deer,97.36,7,1,2,2,0,0,43.85
Spotted Deer,93.33,1,6,0,1,2,0,46.38
Spotted Deer,68.99,13,4,1,2,1,1,57.03
Asian Elephant,72.78,19,5,1,0,1,0,58.01
Leopard,68.19,1,4,2,2,2,0,58.7
Tiger,79.18,13,1,2,0,0,1,50.88
Asian Elephant,60.76,11,6,2,2,0,1,74.21
Wild Boar,86.18,7,1,1,2,0,2,47.43
Leopard,80.4,20,4,2,0,2,0,70.72
Leopard,95.05,3,6,2,2,0,1,68.7
Wild Boar,66.41,1,5,2,2,1,0,56.42
Wild Boar,91.36,8,5,0,1,1,0,44.7
Wild Boar,90.89,17,1,2,0,1,2,58.74
Tiger,64.96,13,5,1,0,1,2,67.24
Spotted Deer,75.54,14,3,2,1,1,2,61.89
Leopard,66.64,5,6,1,1,1,2,61.59
Spotted Deer,69.93,6,6,0,0,1,2,45.34
Spotted Deer,70.27,6,5,0,0,1,1,39.51
Wild Boar,81.69,8,6,2,0,1,2,69.78
Tiger,76.05,13,4,1,1,2,1,68.19
Asian Elephant,96.96,18,2,2,1,2,2,81.83
Tiger,64.93,4,4,2,2,1,1,67.83
Spotted Deer,97.97,17,0,1,1,1,0,41.42
Tiger,68.99,5,3,1,2,1,2,59.87
Wild Boar,90.14,3,2,1,2,0,1,44.53
Asian Elephant,73.22,4,1,1,1,2,2,54.92
Wild Boar,65.58,5,6,1,1,1,1,53.83
Asian Elephant,93.46,14,0,0,1,2,1,44.61
Spotted Deer,72.05,15,0,0,1,1,2,40.84
Asian Elephant,85.7,20,3,0,0,0,1,51.02
Asian Elephant,82.09,17,2,1,1,1,0,54.26
Asian Elephant,78.4,6,0,1,2,2,2,61.13
Tiger,79.34,10,2,1,2,2,0,56.97
Tiger,88.56,16,2,2,0,2,1,66.84
Spotted Deer,63.42,17,5,0,0,2,1,50.59
Asian Elephant,86.06,14,0,0,1,1,2,47.52
Leopard,94.94,20,2,2,0,0,0,55.37
Spotted Deer,62.25,12,3,2,1,0,0,43.75
Asian Elephant,65.49,9,0,0,1,1,2,41.95
Asian Elephant,87.95,15,3,1,0,1,0,51.62
Tiger,77.05,12,3,0,0,2,2,54.12
Spotted Deer,75.74,14,2,1,2,1,2,59.41
Asian Elephant,65.34,18,2,0,0,0,1,39.51
Asian Elephant,79.76,20,5,0,0,1,1,59.4
Spotted Deer,64.94,6,6,2,0,1,0,51.41
Leopard,78.59,4,5,2,2,0,2,69.05
Spotted Deer,89.78,12,0,1,1,0,2,43.15
Spotted Deer,70.07,13,5,1,2,1,2,66.56
Leopard,78.75,19,1,0,0,2,2,51.79
Spotted Deer,98.69,13,0,2,0,2,1,50.32
Asian Elephant,86.78,12,3,1,0,2,0,52.98
Spotted Deer,92.81,20,5,1,1,0,1,64.47
Leopard,76.18,3,5,1,2,0,2,57.19
Wild Boar,89.95,3,6,0,2,2,0,54.24
Spotted Deer,61.58,14,5,1,1,1,0,48.9
Tiger,64.79,18,2,1,2,1,2,70.46
Asian Elephant,67.92,19,3,2,1,1,2,74.92
Asian Elephant,75.68,10,5,2,1,0,1,63.42
Tiger,92.98,17,4,2,2,0,1,78.26
Tiger,73.5,15,4,0,2,2,2,70.69
Spotted Deer,85.53,19,3,2,1,1,2,73.07
Tiger,87.66,9,5,2,2,0,1,69.69
Wild Boar,82.86,4,6,2,1,0,0,56.66
Leopard,73.93,15,1,2,2,2,0,60.93
Tiger,82.51,19,6,1,2,1,0,77.0
Tiger,73.35,16,1,0,2,0,1,49.27
Wild Boar,63.27,8,0,1,2,0,2,42.2
Asian Elephant,98.72,17,0,1,2,0,0,50.02
Asian Elephant,64.96,1,6,0,0,0,2,40.91
Spotted Deer,62.82,7,5,1,0,1,1,45.42
Wild Boar,94.26,18,6,2,2,2,1,89.89
Leopard,71.77,12,0,0,2,1,2,51.94
Leopard,85.36,16,2,1,2,2,2,69.66
Wild Boar,72.83,1,1,1,1,0,2,35.88
Leopard,75.27,15,3,2,0,1,2,65.12
Asian Elephant,70.22,7,6,1,1,2,0,61.06
Leopard,73.38,17,5,1,0,2,2,71.61
Leopard,76.02,3,5,1,0,0,0,37.52
Wild Boar,88.1,11,4,0,2,2,1,58.89
Wild Boar,79.95,6,1,0,2,2,0,40.32
Leopard,96.8,6,1,1,1,2,2,54.8
Tiger,61.63,15,1,1,1,0,0,43.0
Wild Boar,79.62,7,6,2,2,1,1,71.89
Spotted Deer,82.78,11,0,0,2,0,2,35.47
Spotted Deer,95.89,17,2,0,0,2,1,47.49
Asian Elephant,61.92,18,6,0,0,2,1,61.33
Leopard,82.37,19,3,1,2,1,2,74.35
Tiger,93.29,8,0,2,0,2,0,50.07
Asian Elephant,69.44,20,6,2,1,1,1,80.94
Leopard,94.18,8,2,1,0,2,2,53.36
Wild Boar,60.74,11,1,1,2,2,1,53.94
Spotted Deer,88.57,3,2,2,0,0,0,29.26
Tiger,96.39,14,0,2,2,0,1,60.44
Spotted Deer,85.63,9,6,0,0,1,1,46.86
Wild Boar,77.12,1,1,1,1,0,1,31.0
Leopard,61.75,1,6,0,1,1,1,47.73
Wild Boar,95.88,12,0,2,2,0,0,49.19
Wild Boar,78.34,11,3,0,2,1,2,56.9
Spotted Deer,61.13,1,1,2,2,2,1,48.91
Tiger,86.9,20,2,2,0,1,0,64.93
Wild Boar,78.79,12,0,0,0,0,1,23.8
Spotted Deer,64.85,17,4,1,0,1,1,50.41
Tiger,68.36,15,2,0,1,0,1,44.79
Leopard,62.52,2,2,0,2,2,0,39.59
Leopard,82.4,18,1,1,0,0,1,46.04
Asian Elephant,84.26,16,6,1,1,2,1,76.6
Spotted Deer,79.72,4,5,0,2,2,2,58.26
Tiger,91.87,8,2,2,1,0,0,50.08
Wild Boar,93.58,2,0,0,2,2,2,42.54
Leopard,84.01,14,4,2,0,0,2,65.45
Tiger,60.5,15,3,1,1,1,2,69.35
Spotted Deer,87.11,9,4,1,1,2,2,61.27
Asian Elephant,76.3,2,0,2,1,1,1,42.8
Leopard,82.06,17,1,0,2,1,2,56.03
Tiger,85.31,10,0,1,2,0,0,42.01
Tiger,73.66,9,5,2,1,0,1,67.07
Tiger,95.77,2,5,2,2,2,2,79.52
Spotted Deer,65.23,19,5,0,1,0,2,54.95
Spotted Deer,86.19,17,2,2,0,1,0,49.84
Spotted Deer,60.17,11,1,2,1,1,0,39.73
Wild Boar,96.06,17,6,0,1,1,2,67.97
Tiger,64.39,10,5,1,2,2,2,71.78
Leopard,63.7,18,6,1,2,0,2,75.32
Spotted Deer,72.99,6,3,1,2,1,2,54.14
Spotted Deer,74.57,16,3,2,0,2,2,64.18
Tiger,68.36,18,6,2,0,0,0,64.99
Spotted Deer,82.82,20,0,0,0,0,0,23.24
Wild Boar,77.27,18,5,2,2,1,1,74.45
Wild Boar,61.33,1,2,2,1,2,1,46.83
Spotted Deer,72.47,3,3,1,1,1,0,36.4
Tiger,91.61,15,4,2,1,1,1,73.76
Tiger,86.9,20,1,2,2,2,2,84.2
Tiger,88.27,10,4,2,2,1,1,78.04
Asian Elephant,87.23,5,6,0,0,2,2,60.49
Spotted Deer,72.13,15,3,2,2,2,2,75.63
Tiger,63.89,14,3,0,1,1,1,50.53
Wild Boar,70.63,15,0,1,0,1,1,43.98
Leopard,92.44,10,0,2,0,0,2,50.63
Leopard,98.24,9,5,0,2,0,0,51.36
Tiger,79.26,12,6,1,0,2,1,68.96
Leopard,60.38,7,1,2,0,2,1,47.53
Leopard,65.46,5,5,0,2,2,0,54.4
Asian Elephant,72.56,10,0,0,0,0,1,28.35
Wild Boar,82.56,8,2,1,1,1,2,51.65
Wild Boar,62.93,20,1,2,2,1,0,60.16
Asian Elephant,96.79,16,2,2,1,0,0,54.94
Asian Elephant,74.24,12,5,2,1,1,2,77.01
Leopard,95.59,9,0,0,1,1,2,42.9
Spotted Deer,90.44,10,1,2,1,1,2,56.03
Leopard,89.46,16,5,0,0,0,0,47.3
Asian Elephant,83.66,10,3,0,0,2,2,54.48
Wild Boar,84.44,9,5,1,2,1,1,61.55
Leopard,84.88,3,6,0,2,1,1,55.23
Spotted Deer,84.52,19,4,1,1,2,2,71.8
Leopard,81.6,11,3,1,1,1,1,56.25
Tiger,98.47,6,2,2,2,1,1,61.42
Leopard,88.56,6,3,1,2,2,0,54.15
Asian Elephant,90.3,15,5,2,2,0,2,81.87
Wild Boar,94.03,15,3,1,2,0,1,60.15
Wild Boar,68.41,13,4,0,1,1,2,57.63
Asian Elephant,63.27,5,6,2,2,1,2,72.32
Tiger,78.83,14,5,0,0,2,1,61.88
Asian Elephant,80.05,2,4,2,1,2,1,63.66
Leopard,92.34,12,3,0,0,1,0,38.04
Asian Elephant,77.31,20,4,1,2,1,0,64.52
Asian Elephant,82.26,14,3,2,0,0,0,53.74
Tiger,80.56,19,1,2,2,0,1,65.0
Leopard,61.49,20,3,2,0,0,0,51.56
Spotted Deer,83.99,15,0,1,1,0,2,44.48
Spotted Deer,92.29,20,4,0,0,2,0,50.45
Wild Boar,66.14,17,6,1,1,0,0,58.44
Asian Elephant,83.18,14,4,1,0,0,0,48.67
Wild Boar,83.15,18,2,1,0,1,2,63.83
Tiger,66.4,5,6,0,1,0,2,54.27
Spotted Deer,64.82,12,6,1,1,1,1,59.44
Asian Elephant,98.22,10,2,2,2,1,0,59.8
Tiger,75.36,8,0,1,1,0,2,47.59
Tiger,68.87,6,4,0,1,0,2,46.46
Asian Elephant,66.68,15,6,2,2,1,2,84.04
Tiger,86.04,12,4,0,1,2,1,60.25
Asian Elephant,83.77,6,6,1,1,1,1,62.43
Asian Elephant,85.1,12,2,0,0,2,1,45.96
Leopard,63.43,15,2,2,2,2,0,64.35
Wild Boar,94.85,12,3,0,2,0,2,51.67
Tiger,75.18,9,5,2,0,0,1,60.02
Tiger,72.22,19,4,2,2,0,1,77.02
Leopard,78.03,2,4,1,0,0,2,45.43
Leopard,75.21,13,6,1,1,1,2,68.34
Leopard,93.68,13,3,2,2,2,0,69.66
Spotted Deer,96.24,8,4,0,1,1,0,40.84
Spotted Deer,71.83,13,6,2,2,2,0,71.67
Spotted Deer,93.69,4,0,1,1,1,1,34.22
Asian Elephant,90.48,6,2,0,2,2,1,56.83
Tiger,96.3,6,2,2,2,0,2,59.81
Wild Boar,69.58,12,5,1,1,2,0,59.14
Asian Elephant,82.5,12,2,2,0,0,2,57.97
Tiger,70.71,17,1,2,2,2,0,66.74
Tiger,92.14,7,0,2,0,1,0,42.85
Leopard,60.21,15,0,0,0,2,0,31.63
Leopard,82.03,17,3,1,0,1,0,52.48
Asian Elephant,73.23,10,1,1,0,1,2,46.19
Leopard,72.58,20,4,2,0,0,2,68.09
Tiger,85.15,6,5,2,0,2,1,69.68
Leopard,93.21,9,0,2,2,1,0,53.37
Spotted Deer,83.76,15,1,0,0,2,2,46.33
Leopard,93.27,16,1,1,2,0,0,53.61
Tiger,70.32,8,6,2,2,0,0,66.47
Asian Elephant,80.26,16,0,1,2,2,1,65.33
Wild Boar,77.57,5,6,2,1,1,1,64.64
Leopard,60.45,18,3,1,0,1,2,62.19
Tiger,81.72,20,1,2,1,1,2,73.06
Wild Boar,85.8,14,2,0,0,2,1,47.65
Wild Boar,83.08,2,1,2,1,1,2,49.44
Spotted Deer,88.71,3,4,2,2,1,2,65.69
Wild Boar,82.28,14,0,2,1,1,1,56.16
Tiger,62.6,7,4,2,2,0,0,57.24
Tiger,64.54,15,3,2,1,1,0,62.89
Leopard,83.26,17,5,1,0,2,1,66.26
Leopard,70.72,1,2,1,0,2,0,37.4
Leopard,63.11,9,0,0,1,1,0,30.08
Wild Boar,76.75,14,1,2,1,2,1,59.02
Wild Boar,81.62,16,2,1,0,2,2,64.28
Spotted Deer,72.82,13,1,1,1,1,1,44.27
Leopard,88.1,6,3,2,1,0,1,53.14
Asian Elephant,85.11,1,5,2,0,1,0,53.28
Spotted Deer,72.98,4,0,0,2,2,1,32.62
Asian Elephant,89.44,3,3,0,0,2,0,39.39
Wild Boar,85.3,17,3,1,0,1,1,52.39
Spotted Deer,84.86,2,5,0,1,2,2,49.41
Spotted Deer,81.58,19,3,1,0,0,0,42.09
Tiger,60.44,20,3,0,0,1,1,50.97
Wild Boar,87.16,8,1,2,1,2,0,50.34
Wild Boar,74.67,15,6,0,1,0,1,52.91
Spotted Deer,96.76,6,4,1,2,2,1,58.48
Wild Boar,91.9,20,1,0,0,0,1,38.49
Spotted Deer,82.92,2,5,1,2,2,0,54.97
